ABSH01,雄武,44.5276,142.8444
ABSH02,興部西,44.4234,143.0264
ABSH03,興部東,44.3843,143.2407
ABSH04,滝上北,44.1920,143.0767
ABSH05,滝上南,44.1146,143.0111
ABSH06,湧別北,44.2146,143.6202
ABSH07,白滝,43.8494,143.0861
ABSH08,斜里北,44.0640,144.9935
ABSH09,斜里南,43.9269,144.8071
ABSH10,佐呂間,44.0813,143.9455
ABSH11,女満別,43.9144,144.1913
ABSH12,小清水,43.8566,144.4574
ABSH13,留辺蘂,43.7419,143.4514
ABSH14,美幌,43.7228,144.1835
ABSH15,置戸東,43.6352,143.5100
AIC001,尾西,35.2974,136.7505
AIC002,小牧,35.2979,136.9154
AIC003,津島,35.1734,136.7402
AIC004,名古屋,35.0631,136.9738
AIC005,藤岡,35.1983,137.2061
AIC006,稲武,35.2158,137.5089
AIC008,設楽,35.1006,137.5757
AIC009,豊田,35.0813,137.1466
AIC010,作手,34.9803,137.4297
AIC011,知多,34.9966,136.8641
AIC012,安城,34.9119,137.0446
AIC013,長篠,34.9335,137.5749
AIC014,蒲郡,34.8285,137.2199
AIC015,豊橋,34.7552,137.4040
AIC016,美浜,34.7784,136.9082
AIC017,田原,34.6697,137.2638
AIC018,渥美,34.6220,137.1086
AICH04,安城,34.9319,137.0568
AICH06,渥美,34.6158,137.0419
AICH07,旭,35.2194,137.4039
AICH08,額田,34.9189,137.2993
AICH09,豊橋,34.6643,137.3902
AICH10,鳳来,35.0002,137.6243
AICH11,春日井,35.3059,137.0570
AICH12,幡豆,34.7884,137.1057
AICH13,清洲,35.2177,136.8509
AICH14,長久手,35.1842,137.0474
AICH15,足助,35.1392,137.3359
AICH16,設楽,35.1543,137.5350
AICH17,豊根,35.1840,137.7268
AICH18,岡崎,34.9635,137.2377
AICH19,作手,34.9512,137.4114
AICH20,新城,34.8976,137.4876
AICH21,南知多,34.7401,136.9385
AICH22,豊橋北,34.7853,137.4393
AICH23,常滑2,34.8806,136.8316
AKT001,小坂,40.3280,140.7429
AKT002,大館,40.2676,140.5664
AKT003,藤里,40.2784,140.2631
AKT004,八森,40.3886,139.9822
AKT005,能代,40.2020,140.0286
AKT006,鹿角,40.2153,140.7873
AKT007,琴丘,40.0376,140.0919
AKT008,飯田川,39.8840,140.0706
AKT009,男鹿,39.8869,139.8467
AKT010,秋田,39.7223,140.0998
AKT011,宮田,39.8133,140.5805
AKT012,田沢湖,39.7014,140.7178
AKT013,協和,39.6071,140.3209
AKT014,角館,39.5950,140.5573
AKT015,本荘,39.3844,140.0519
AKT016,大曲,39.4545,140.4758
AKT017,横手,39.2978,140.5621
AKT018,鳥海,39.1937,140.1899
AKT019,雄勝,39.0390,140.4490
AKT020,象潟,39.2027,139.9088
AKT021,阿仁,39.9940,140.4035
AKT022,玉川,39.7739,140.6669
AKT023,椿台,39.1464,140.7161
AKTH01,西木北,39.8147,140.5790
AKTH02,西木南,39.6634,140.5721
AKTH03,矢島,39.2223,140.1283
AKTH04,東成瀬,39.1740,140.7129
AKTH05,鳥海,39.0718,140.3185
AKTH06,雄勝,38.9801,140.4952
AKTH07,小坂,40.4563,140.8395
AKTH08,藤里,40.3188,140.2341
AKTH09,田代,40.2755,140.4596
AKTH10,大館,40.3002,140.5812
AKTH11,男鹿,39.9554,139.7623
AKTH12,五城目,39.9155,140.2221
AKTH13,阿仁,39.9819,140.4072
AKTH14,鹿角,40.0622,140.8084
AKTH15,協和,39.6884,140.4075
AKTH16,西仙北,39.5450,140.3481
AKTH17,中仙,39.5575,140.6116
AKTH18,大森,39.3548,140.3869
AKTH19,湯沢,39.1913,140.4710
AOM001,大間,41.5269,140.9246
AOM002,福浦,41.3280,140.8132
AOM003,大畑,41.4054,141.1699
AOM004,尻屋,41.4064,141.4477
AOM005,むつ,41.2949,141.1972
AOM006,川内,41.1976,140.9979
AOM007,南通,41.1689,141.3845
AOM008,横浜,41.0844,141.2554
AOM009,六ヶ所,40.9658,141.3730
AOM010,野辺地,40.8724,141.1427
AOM011,三沢,40.6803,141.3669
AOM012,八戸,40.5127,141.4880
AOM013,南部,40.4126,141.2813
AOM014,子ノ口,40.4472,140.9403
AOM015,碇ヶ関,40.4791,140.6268
AOM016,弘前,40.6021,140.4982
AOM017,深浦,40.6388,139.9295
AOM018,鯵ヶ沢,40.7776,140.2060
AOM019,五所川原,40.8152,140.4470
AOM020,青森,40.8194,140.7498
AOM021,十和田,40.6150,141.2083
AOM022,東田沢,40.9923,140.9161
AOM023,中里,40.9664,140.4317
AOM024,蟹田,41.0473,140.6399
AOM025,今別,41.1797,140.4805
AOM026,小泊,41.1280,140.3107
AOM027,脇野沢,41.1457,140.8219
AOM028,八甲田,40.7004,140.9190
AOM029,西目屋,40.5764,140.2968
AOMH01,大間,41.5273,140.9127
AOMH02,佐井,41.4049,140.8567
AOMH03,川内,41.2340,140.9896
AOMH04,青森,40.8524,140.6759
AOMH05,野辺地,40.8564,141.1033
AOMH06,六ヶ所,40.9664,141.3738
AOMH07,深浦,40.7451,140.0233
AOMH08,鰺ヶ沢,40.7618,140.3121
AOMH09,岩木,40.6199,140.3499
AOMH10,黒石,40.6091,140.6646
AOMH11,十和田湖西,40.5800,140.9950
AOMH12,十和田湖東,40.5846,141.1547
AOMH13,八戸,40.5794,141.4451
AOMH14,西目屋,40.5488,140.2726
AOMH15,大鰐,40.4841,140.5565
AOMH16,新郷,40.4624,141.0923
AOMH17,名川,40.4492,141.3374
AOMH18,田子,40.2962,141.0145
CHB001,野田,35.9571,139.8731
CHB002,松戸,35.7871,139.9024
CHB003,白井,35.7926,140.0577
CHB004,佐原,35.8889,140.4903
CHB005,銚子,35.7353,140.8271
CHB006,成田,35.7790,140.3073
CHB007,佐倉,35.7237,140.2246
CHB008,浦安,35.6556,139.9027
CHB009,千葉,35.6075,140.1077
CHB010,八日市場,35.7086,140.5637
CHB011,蓮沼,35.5877,140.4971
CHB012,東金,35.5721,140.3436
CHB013,茂原,35.4294,140.2892
CHB014,姉崎,35.4710,140.0454
CHB015,木更津,35.3738,139.9199
CHB016,岬,35.2998,140.3866
CHB017,市場,35.2976,140.0734
CHB018,勝浦,35.1520,140.3204
CHB019,鋸南,35.1106,139.8360
CHB020,鴨川,35.1132,140.1006
CHB021,白浜,34.9078,139.8994
CHB022,富津,35.3033,139.8555
CHB024,稲毛,35.6337,140.0781
CHB025,千倉,34.9705,139.9458
CHB026,長南,35.3858,140.2404
CHB027,勝浦北,35.1806,140.2655
CHB028,市川北,35.7664,139.9655
CHB029,行徳,35.6948,139.9176
CHBH04,下総,35.7966,140.0206
CHBH06,匝瑳,35.7215,140.5046
CHBH10,千葉,35.5458,140.2417
CHBH11,養老,35.2867,140.1529
CHBH12,富津,35.3445,139.8554
CHBH13,成田,35.8307,140.2980
CHBH14,銚子中,35.7342,140.8230
CHBH15,館山西,34.9591,139.7885
CHBH16,鴨川,35.1384,139.9649
CHBH17,勝浦東,35.1714,140.3398
CHBH19,蓮沼,35.5943,140.5107
CHBH20,鴨川南,35.0882,140.0997
EHM001,伊予三島,33.9788,133.5494
EHM002,新居浜,33.9211,133.3079
EHM003,東予,33.9253,133.0844
EHM004,今治,34.0627,132.9986
EHM005,川内,33.7973,132.9144
EHM006,美川,33.6412,133.0080
EHM007,北条,33.9616,132.7719
EHM008,松山,33.8199,132.7282
EHM009,広田,33.6333,132.7965
EHM010,肱川,33.4511,132.6881
EHM011,八幡浜,33.4498,132.4341
EHM012,宇和島,33.2217,132.5724
EHM013,三崎,33.3917,132.1140
EHM014,西海,32.9451,132.5042
EHM015,長浜,33.6094,132.4768
EHM016,伊予,33.7654,132.7089
EHMH01,津島,33.0556,132.5552
EHMH02,西条,33.8650,133.1840
EHMH03,新宮,33.9154,133.6497
EHMH04,丹原,33.9023,133.0658
EHMH05,砥部,33.7112,132.8032
EHMH06,日吉,33.3348,132.7980
EHMH07,河辺,33.5022,132.7480
EHMH08,柳谷,33.5388,133.0016
EHMH09,伊方,33.4719,132.3072
EHMH10,宮窪,34.1918,133.0581
EHMH11,大洲,33.5807,132.6011
EHMH12,宇和,33.4270,132.5055
EHMH13,三崎,33.3719,132.1157
FKI001,三国,36.2193,136.1565
FKI002,越廼,36.0391,136.0135
FKI003,福井,36.0740,136.2687
FKI004,大野,35.9793,136.4867
FKI005,武生,35.9068,136.1748
FKI006,今庄,35.7731,136.2001
FKI007,敦賀,35.6448,136.0575
FKI008,三方,35.5483,135.9091
FKI009,小浜,35.4956,135.7509
FKI010,高浜,35.4904,135.5518
FKI011,和泉,35.9097,136.6682
FKIH01,永平寺,36.0955,136.3617
FKIH02,織田,35.9483,136.0556
FKIH03,和泉,35.9415,136.6990
FKIH04,三方,35.5587,135.8694
FKIH05,敦賀,35.6390,136.0303
FKIH06,高浜,35.4907,135.4841
FKIH07,小浜,35.4573,135.7266
FKO001,玄海,33.8425,130.5087
FKO002,中間,33.8253,130.7058
FKO003,北九州,33.8324,130.9013
FKO004,行橋,33.7366,131.0121
FKO005,飯塚,33.6520,130.6965
FKO006,福岡,33.5989,130.3990
FKO007,前原,33.5614,130.2024
FKO008,添田,33.5712,130.8546
FKO009,筑紫野,33.4954,130.5164
FKO010,甘木,33.4236,130.6691
FKO011,久留米,33.3237,130.5118
FKO012,浮羽,33.3320,130.7940
FKO013,八女,33.2254,130.5608
FKO014,矢部,33.1496,130.8183
FKO015,柳川,33.1629,130.4052
FKO016,大牟田,33.0159,130.4472
FKOH01,北九州,33.8849,130.9798
FKOH02,若宮,33.6963,130.5963
FKOH03,宇美,33.5608,130.5499
FKOH04,嘉穂,33.5512,130.7451
FKOH05,犀川,33.5293,130.9503
FKOH06,豊前,33.5925,131.1348
FKOH07,大刀洗,33.3678,130.6354
FKOH08,小石原,33.4654,130.8285
FKOH09,玄海,33.8501,130.5432
FKOH10,浮羽,33.2891,130.8170
FKS001,相馬,37.7946,140.9192
FKS002,梁川,37.8453,140.6008
FKS003,福島,37.7624,140.4781
FKS004,飯舘,37.6798,140.7342
FKS005,原町,37.6389,140.9853
FKS006,葛尾,37.5022,140.7593
FKS007,大熊,37.4061,140.9632
FKS008,船引,37.4343,140.5670
FKS009,小野,37.2796,140.6344
FKS010,広野,37.2338,141.0018
FKS011,いわき,37.0917,140.9031
FKS012,勿来,36.9066,140.7928
FKS013,古殿,37.0893,140.5546
FKS014,矢祭,36.8864,140.4166
FKS015,棚倉,37.0237,140.3763
FKS016,白河,37.1232,140.1910
FKS017,須賀川,37.2844,140.3689
FKS018,郡山,37.3959,140.3619
FKS019,二本松,37.6031,140.4381
FKS020,猪苗代,37.5472,140.1075
FKS021,喜多方,37.6537,139.8607
FKS022,西会津,37.6005,139.6472
FKS023,会津若松,37.4775,139.9309
FKS024,中野,37.3963,140.1326
FKS025,下郷,37.3082,139.8994
FKS026,南郷,37.2664,139.5368
FKS027,滝原,37.0701,139.6807
FKS028,只見,37.3037,139.3619
FKS029,桧枝岐,37.0159,139.3806
FKS030,金山,37.4548,139.5252
FKS031,川内,37.3363,140.8087
FKSH01,西会津,37.7565,139.7150
FKSH02,熱塩加納,37.7317,139.8821
FKSH03,高郷,37.6078,139.7533
FKSH04,会津高田,37.4508,139.8126
FKSH05,下郷,37.2544,139.8725
FKSH06,伊南,37.1723,139.5199
FKSH07,檜枝岐,37.0103,139.3755
FKSH08,長沼,37.2822,140.2144
FKSH09,郡山,37.3530,140.4264
FKSH10,西郷,37.1616,140.0930
FKSH11,矢吹,37.2006,140.3386
FKSH12,平田,37.2169,140.5703
FKSH13,いわき西,36.9951,140.5853
FKSH14,いわき東,37.0264,140.9702
FKSH15,猪苗代,37.6461,140.1735
FKSH16,福島,37.7643,140.3766
FKSH17,川俣,37.6636,140.5974
FKSH18,三春,37.4894,140.5380
FKSH19,都路,37.4703,140.7227
FKSH20,浪江,37.4911,140.9871
FKSH21,只見,37.3421,139.3147
GIF001,白川,36.2743,136.8979
GIF002,河合,36.2734,137.0261
GIF003,神岡,36.3326,137.3019
GIF004,栃尾,36.2493,137.5175
GIF005,高山,36.1537,137.2513
GIF006,荘川,36.0334,136.9533
GIF007,高根,36.0378,137.4854
GIF008,小坂,35.9517,137.2604
GIF009,白鳥,35.9250,136.8318
GIF010,下呂,35.8005,137.2484
GIF011,八幡,35.7596,136.9809
GIF012,東杉原,35.6364,136.4879
GIF013,金山,35.6630,137.1618
GIF014,付知,35.6582,137.4253
GIF015,美濃,35.5456,136.9076
GIF016,七宗,35.5427,137.1195
GIF017,揖斐川,35.4830,136.5713
GIF018,中津川,35.4955,137.4998
GIF019,恵那,35.4492,137.4042
GIF020,岐阜,35.4248,136.7568
GIF021,美濃加茂,35.4426,136.9996
GIF022,上石津,35.2836,136.4730
GIF023,土岐,35.3879,137.2166
GIF024,明智,35.3015,137.3869
GIF026,美山,35.5909,136.7418
GIFH03,根尾,35.6325,136.6134
GIFH04,古川,36.2448,137.1983
GIFH05,荘川,36.0654,136.9479
GIFH06,高富,35.5038,136.7939
GIFH07,春日,35.4179,136.4347
GIFH08,大和,35.8323,136.9621
GIFH09,羽島,35.2768,136.7002
GIFH10,神岡,36.3779,137.3716
GIFH11,八百津,35.4865,137.2464
GIFH12,坂内,35.6033,136.4134
GIFH13,白川,36.2743,136.8979
GIFH14,上宝,36.2493,137.5174
GIFH15,高山,36.1338,137.2208
GIFH16,朝日北,36.0940,137.3438
GIFH17,高鷲,35.9514,136.8732
GIFH18,馬瀬,35.8991,137.1495
GIFH19,朝日南,36.0216,137.3906
GIFH20,下呂北,35.7991,137.2531
GIFH21,美並,35.6665,136.9618
GIFH22,金山,35.6682,137.1054
GIFH23,板取,35.7235,136.7847
GIFH24,東白川,35.6401,137.3187
GIFH25,谷汲,35.5214,136.6127
GIFH26,各務原,35.4121,136.8764
GIFH27,美濃加茂,35.4527,137.0040
GIFH28,中津川,35.4571,137.4706
GIFH29,上石津,35.2953,136.4732
GNM001,片品,36.7719,139.2246
GNM002,水上,36.7821,138.9695
GNM003,沼田,36.6581,139.0786
GNM004,草津,36.6171,138.5921
GNM005,嬬恋,36.5134,138.5176
GNM006,吾妻,36.5105,138.7527
GNM007,渋川,36.4637,139.0093
GNM008,前橋,36.3479,139.1368
GNM009,桐生,36.4105,139.3253
GNM010,館林,36.2184,139.4808
GNM011,太田,36.2913,139.3607
GNM012,伊勢崎,36.3118,139.1955
GNM013,高崎,36.3181,139.0174
GNM014,坂本,36.3467,138.7211
GNM015,下仁田,36.2286,138.7578
GNM016,万場,36.1164,138.9250
GNMH05,伊勢崎,36.3143,139.1847
GNMH06,館林,36.2441,139.5443
GNMH07,利根,36.6998,139.2104
GNMH08,嬬恋,36.4917,138.5244
GNMH09,高山,36.6212,138.9068
GNMH10,下仁田,36.2356,138.7291
GNMH11,富岡,36.2862,138.9210
GNMH12,神流,36.1440,138.9129
GNMH13,水上2,36.8620,139.0627
GNMH14,みどり,36.4931,139.3219
HDKH01,平取西,42.7031,142.2296
HDKH02,平取東,42.7061,142.4054
HDKH03,門別東,42.5934,142.3521
HDKH04,門別西,42.5126,142.0381
HDKH05,新冠,42.5977,142.5446
HDKH06,静内,42.3498,142.3572
HDKH07,様似,42.1330,142.9164
HKD001,稚内,45.4163,141.6720
HKD002,宗谷岬,45.5132,141.9548
HKD003,豊富,45.1033,141.7665
HKD004,上猿払,45.2149,142.2260
HKD005,猿払,45.3329,142.1747
HKD006,浜頓別,45.1267,142.3516
HKD007,中頓別,44.9702,142.2900
HKD008,枝幸,44.9375,142.5744
HKD009,歌登,44.8417,142.4811
HKD010,風烈布,44.7406,142.7633
HKD011,東利尻,45.2460,141.2170
HKD012,船泊,45.4408,141.0367
HKD013,礼文,45.3049,141.0475
HKD014,沼川,45.2525,141.8531
HKD015,天塩,44.8846,141.7503
HKD016,遠別,44.7199,141.7950
HKD017,初山別,44.5323,141.7664
HKD018,正修,44.5453,141.9653
HKD019,羽幌,44.3611,141.6978
HKD020,港町,44.1487,141.6647
HKD021,留萌,43.9407,141.6370
HKD022,増毛,43.8516,141.5279
HKD023,雄冬,43.7734,141.3686
HKD024,達布,44.0494,141.8573
HKD025,中川,44.8116,142.0712
HKD026,音威子府,44.7283,142.2633
HKD027,美深,44.4806,142.3428
HKD028,名寄,44.3598,142.4547
HKD029,下川,44.3114,142.6421
HKD030,士別,44.1821,142.3942
HKD031,朝日,44.1185,142.5952
HKD032,和寒,44.0235,142.4123
HKD033,愛別,43.9090,142.5699
HKD034,上川,43.8543,142.7686
HKD035,層雲峡,43.7704,142.9033
HKD036,旭川,43.7726,142.3648
HKD037,美瑛,43.5889,142.4673
HKD038,南富良野,43.1666,142.5662
HKD039,富良野,43.3421,142.3845
HKD040,占冠,42.9806,142.3994
HKD041,天人峡,43.6246,142.6839
HKD042,仁宇布,44.5449,142.5692
HKD043,雄武,44.5820,142.9644
HKD044,興部,44.4796,143.1276
HKD045,西興部,44.3288,142.9453
HKD046,滝上,44.1920,143.0767
HKD047,紋別,44.3557,143.3538
HKD048,湧別,44.2199,143.6155
HKD049,遠軽,44.0921,143.5336
HKD050,白滝,43.8785,143.1747
HKD051,佐呂間,44.0187,143.7747
HKD052,常呂,44.1204,144.0712
HKD053,留辺蘂,43.7849,143.6072
HKD054,北見,43.7996,143.9008
HKD055,美幌,43.8244,144.1087
HKD056,置戸,43.6705,143.5781
HKD057,津別,43.7054,144.0273
HKD058,網走,44.0201,144.2729
HKD059,小清水,43.8569,144.4619
HKD060,斜里,43.9136,144.6657
HKD061,ウトロ,44.0699,144.9973
HKD062,富士見,43.6746,143.3088
HKD063,相泊,44.1060,145.2478
HKD064,羅臼,44.0202,145.1886
HKD065,薫別,43.7938,145.0565
HKD066,標津,43.6619,145.1307
HKD067,中標津,43.5550,144.9726
HKD068,上西春別,43.4108,144.7704
HKD069,別海,43.3941,145.1168
HKD070,本別海,43.3852,145.2840
HKD071,厚床,43.2326,145.2604
HKD072,落石,43.1948,145.5209
HKD073,根室,43.3327,145.6003
HKD074,納沙布,43.3680,145.8026
HKD075,浜中,43.1309,145.0288
HKD076,厚岸,43.0509,144.8498
HKD077,釧路,42.9845,144.3824
HKD078,塘路,43.1488,144.4976
HKD079,標茶,43.3034,144.5998
HKD080,弟子屈,43.5077,144.4485
HKD081,川湯,43.6427,144.3901
HKD082,阿寒湖畔,43.4369,144.0855
HKD083,鶴居,43.2329,144.3251
HKD084,阿寒,43.1141,144.1230
HKD085,白糠,42.9581,144.0698
HKD086,直別,42.8542,143.8579
HKD087,二股,43.1502,143.8916
HKD088,陸別,43.4704,143.7488
HKD089,足寄,43.2436,143.5544
HKD090,本別,43.1213,143.6183
HKD091,浦幌,42.8088,143.6590
HKD092,池田,42.9283,143.4485
HKD093,糠平,43.3191,143.3049
HKD094,士幌,43.1692,143.2410
HKD095,帯広,42.9311,143.2137
HKD096,中札内,42.6977,143.1357
HKD097,生花,42.6181,143.4210
HKD098,大樹,42.4985,143.2790
HKD099,新得,43.0736,142.8392
HKD100,広尾,42.2864,143.3120
HKD101,トムラウシ,43.3338,142.9473
HKD102,日高,42.8778,142.4481
HKD103,幌毛志,42.7275,142.2973
HKD104,平取,42.5886,142.1310
HKD105,門別,42.4826,142.0538
HKD106,静内,42.3414,142.3688
HKD107,農屋,42.4194,142.4992
HKD108,三石,42.2528,142.5643
HKD109,浦河,42.1678,142.7673
HKD110,様似,42.1310,142.9354
HKD111,えりも,42.0170,143.1487
HKD112,えりも岬,41.9370,143.2403
HKD113,目黒,42.1287,143.3153
HKD114,朱鞠内,44.2829,142.1619
HKD115,幌加内,44.0070,142.1485
HKD116,沼田,43.8005,141.9343
HKD117,深川,43.7241,142.0527
HKD118,滝川,43.5524,141.9175
HKD119,芦別,43.5199,142.1914
HKD120,月形,43.3442,141.6633
HKD121,美唄,43.3332,141.8553
HKD122,岩見沢,43.1968,141.7754
HKD123,夕張,42.9933,142.0085
HKD124,由仁,42.9986,141.7903
HKD125,穂別,42.7609,142.1344
HKD126,鵡川,42.5748,141.9284
HKD127,追分,42.8743,141.8204
HKD128,早来,42.7656,141.8219
HKD129,苫小牧,42.6347,141.6057
HKD130,白老,42.5626,141.3502
HKD131,登別,42.4206,141.0809
HKD132,室蘭,42.3484,141.0318
HKD133,伊達,42.4727,140.8657
HKD134,大滝,42.6713,141.0790
HKD135,壮瞥,42.5533,140.8864
HKD136,豊浦,42.5901,140.6441
HKD137,余別,43.3236,140.3791
HKD138,積丹,43.2923,140.6013
HKD139,余市,43.1975,140.7819
HKD140,小樽,43.1908,140.9933
HKD141,神恵内,43.1449,140.4355
HKD142,赤井川,43.0841,140.8202
HKD143,岩内,42.9793,140.5093
HKD144,倶知安,42.9059,140.7670
HKD145,喜茂別,42.7978,140.9361
HKD146,ニセコ,42.8076,140.6878
HKD147,蘭越,42.8056,140.5305
HKD148,黒松内,42.6680,140.3050
HKD149,寿都,42.7905,140.2305
HKD150,島牧,42.7010,140.0619
HKD151,長万部,42.4948,140.3539
HKD152,八雲,42.2586,140.2638
HKD153,上の湯,42.1245,140.3755
HKD154,森,42.0965,140.5636
HKD155,鹿部,42.0438,140.8064
HKD156,七飯,41.8996,140.6960
HKD157,南茅部,41.9053,140.9698
HKD158,椴法華,41.8349,141.1408
HKD159,戸井,41.7160,141.0046
HKD160,函館,41.7700,140.7383
HKD161,木古内,41.6800,140.4329
HKD162,福島,41.4859,140.2469
HKD163,松前,41.4338,140.1117
HKD164,瀬棚,42.4502,139.8533
HKD165,今金,42.4287,140.0178
HKD166,大成,42.2286,139.8186
HKD167,熊石,42.1297,139.9813
HKD168,江差,41.8691,140.1266
HKD169,木間内,41.9351,140.3678
HKD170,湯ノ岱,41.7495,140.2510
HKD171,小砂子,41.6490,139.9979
HKD172,稲穂,42.2402,139.5519
HKD173,青苗,42.0662,139.4515
HKD174,北島歌,42.5950,139.8286
HKD175,浜益,43.6015,141.3882
HKD176,四番川,43.5324,141.5924
HKD177,厚田,43.4001,141.4346
HKD178,石狩,43.1720,141.3043
HKD179,当別,43.2236,141.5175
HKD180,札幌,43.1391,141.3513
HKD181,江別,43.1161,141.5462
HKD182,広島,42.9923,141.5526
HKD183,定山渓,42.9724,141.1656
HKD184,千歳,42.7898,141.6008
HKD185,支笏湖畔,42.7756,141.4016
HRS001,高野,35.0339,132.9018
HRS002,東城,34.8951,133.2753
HRS003,三次,34.8138,132.8427
HRS004,芸北,34.7263,132.2773
HRS005,油木,34.7774,133.2803
HRS006,豊平,34.6666,132.4080
HRS007,甲奴,34.7029,133.0886
HRS008,向原,34.6029,132.7201
HRS009,湯来,34.4927,132.2802
HRS010,世羅,34.5834,133.0515
HRS011,府中,34.5686,133.2364
HRS012,東広島,34.4274,132.7422
HRS013,広島,34.3768,132.4502
HRS014,大野,34.2864,132.2765
HRS015,福山,34.4852,133.3619
HRS016,尾道,34.4201,133.1979
HRS017,三原,34.4037,133.0838
HRS018,竹原,34.3413,132.9069
HRS019,呉,34.2530,132.5617
HRS020,因島,34.2936,133.1776
HRS021,西城,34.9413,133.1185
HRSH01,三原,34.3736,133.0236
HRSH02,大和,34.5482,132.9480
HRSH03,御調,34.5183,133.1375
HRSH04,沼隈,34.3785,133.3493
HRSH05,神辺,34.5566,133.4179
HRSH06,口和,34.9137,132.9123
HRSH07,呉,34.2883,132.6411
HRSH08,佐伯,34.3935,132.1611
HRSH09,吉舎,34.7016,132.9524
HRSH10,芸北,34.7471,132.3794
HRSH11,神石,34.8225,133.1674
HRSH12,広島,34.5810,132.4295
HRSH13,広島南,34.4122,132.3907
HRSH14,沖美,34.2090,132.4063
HRSH15,倉橋,34.1161,132.5053
HRSH16,吉田,34.6629,132.6689
HRSH17,戸河内,34.5716,132.2326
HRSH18,東広島,34.4572,132.7923
HYG001,浜坂,35.6197,134.4506
HYG002,香住,35.6394,134.6280
HYG003,出石,35.4613,134.8758
HYG004,村岡,35.4583,134.5782
HYG005,和田山,35.3408,134.8616
HYG006,大屋,35.3329,134.6649
HYG007,波賀,35.1638,134.5458
HYG008,生野,35.1487,134.7880
HYG009,黒井,35.1699,135.1025
HYG010,丹南,35.0592,135.1776
HYG011,上月,34.9850,134.3226
HYG012,山崎,34.9958,134.5523
HYG013,市川,34.9895,134.7636
HYG014,西脇,35.0019,134.9994
HYG015,三田,34.9499,135.2714
HYG016,赤穂,34.7553,134.3900
HYG017,龍野,34.8591,134.5446
HYG018,姫路,34.8145,134.6871
HYG019,加古川,34.8321,134.8234
HYG020,三木,34.7974,134.9889
HYG021,神戸,34.6904,135.1591
HYG022,西宮,34.7463,135.3501
HYG023,明石,34.6444,134.9980
HYG024,東浦,34.5330,134.9904
HYG025,洲本,34.3389,134.9011
HYG026,五色,34.4147,134.7914
HYG027,南淡,34.2496,134.7292
HYGH01,三原,34.2937,134.7941
HYGH02,南光,35.0671,134.4234
HYGH03,波賀,35.2193,134.5237
HYGH04,篠山,35.0708,135.2811
HYGH05,上郡,34.8995,134.3284
HYGH06,相生,34.7935,134.4792
HYGH07,夢前,35.0322,134.6701
HYGH08,加美,35.1010,134.9036
HYGH09,東条,34.9082,135.0844
HYGH10,加古川,34.8164,134.8078
HYGH11,山東,35.2925,134.9071
HYGH12,新宮,34.9313,134.5423
HYGH13,香住,35.6208,134.6566
HYGH14,出石,35.4574,134.8621
HYGH15,村岡,35.4697,134.5953
HYMH01,北檜山,42.4851,139.9678
HYMH02,厚沢部,41.9856,140.3087
HYMH03,熊石,42.1344,140.0040
IBR001,大子,36.7763,140.3582
IBR002,高萩,36.7126,140.7073
IBR003,日立,36.5914,140.6453
IBR004,大宮,36.5516,140.4102
IBR005,笠間,36.3851,140.2373
IBR006,水戸,36.3665,140.4543
IBR007,那珂湊,36.3526,140.5954
IBR008,下館,36.3061,139.9826
IBR009,古河,36.1850,139.7037
IBR010,下妻,36.1844,139.9652
IBR011,つくば,36.1256,140.0901
IBR012,石岡,36.1954,140.2713
IBR013,鉾田,36.1587,140.4892
IBR014,土浦,36.0729,140.1948
IBR015,岩井,36.0698,139.9082
IBR016,取手,35.9114,140.0494
IBR017,江戸崎,35.9538,140.3196
IBR018,鹿嶋,35.9766,140.6306
IBRH06,北茨城2,36.8809,140.6545
IBRH07,江戸崎,35.9521,140.3301
IBRH08,大洋,36.1188,140.5621
IBRH09,常北,36.4390,140.3559
IBRH10,石下,36.1112,139.9889
IBRH11,岩瀬,36.3701,140.1401
IBRH12,大子,36.8369,140.3181
IBRH13,高萩,36.7955,140.5750
IBRH14,十王,36.6922,140.5484
IBRH15,御前山,36.5566,140.3013
IBRH16,山方,36.6405,140.3976
IBRH17,霞ヶ浦,36.0864,140.3140
IBRH18,ひたちなか,36.3631,140.6198
IBRH19,つくば,36.2137,140.0893
IBRH20,波崎2,35.8284,140.7323
IBRH21,つくば南,35.9814,140.1050
IBUH01,追分,42.8739,141.8191
IBUH02,穂別,42.8714,142.1285
IBUH03,厚真,42.6486,141.8641
IBUH04,豊浦,42.6415,140.6650
IBUH05,白老,42.5629,141.3497
IBUH06,室蘭,42.4116,141.0017
IBUH07,大滝,42.6476,141.0643
IKRH01,当別,43.4087,141.5836
IKRH02,新篠津,43.2204,141.6523
IKRH03,千歳,42.8880,141.6399
ISK001,大谷,37.5000,137.1767
ISK002,正院,37.4473,137.2877
ISK003,輪島,37.3924,136.9078
ISK004,能都,37.3080,137.1471
ISK005,穴水,37.2309,136.9041
ISK006,富来,37.1603,136.6896
ISK007,七尾,37.0426,136.9680
ISK008,羽咋,36.8937,136.7784
ISK009,七塚,36.7334,136.7025
ISK010,金沢,36.5421,136.6435
ISK011,小松,36.3976,136.4409
ISK012,鳥越,36.3579,136.6049
ISK013,白峰,36.1804,136.6246
ISK014,加賀,36.3031,136.3154
ISK015,大町,37.2265,136.9087
ISKH01,珠洲,37.5266,137.2844
ISKH02,柳田,37.3644,137.0413
ISKH03,内浦,37.3458,137.2436
ISKH04,富来,37.1902,136.7176
ISKH05,穴水,37.2224,136.9689
ISKH06,志賀,37.0533,136.8206
ISKH07,金沢,36.5150,136.6357
ISKH08,津幡,36.7380,136.7906
ISKH09,尾口,36.2667,136.7168
IWT001,種市,40.4101,141.7193
IWT002,久慈,40.1820,141.7643
IWT003,普代,40.0083,141.8885
IWT004,田老,39.7356,141.9671
IWT005,宮古,39.6478,141.9465
IWT006,山田,39.4850,141.9748
IWT007,釜石,39.2699,141.8567
IWT008,大船渡,39.0815,141.7093
IWT009,大東,39.0190,141.4053
IWT010,一関,38.9346,141.1264
IWT011,水沢,39.1453,141.1527
IWT012,北上,39.3206,141.1388
IWT013,遠野,39.3290,141.5638
IWT014,石鳥谷,39.4846,141.1466
IWT015,川尻,39.3183,140.7794
IWT016,川井,39.6000,141.6790
IWT017,門馬,39.6339,141.4379
IWT018,盛岡,39.6954,141.1477
IWT019,岩泉,39.8030,141.6584
IWT020,藪川,39.7844,141.3296
IWT021,西根,39.9203,141.0822
IWT022,安代,40.1009,141.0528
IWT023,葛巻,40.0370,141.4501
IWT024,二戸,40.2612,141.2908
IWT025,大志田,39.5169,140.8299
IWT026,相去,39.2569,141.0983
IWTH01,二戸東,40.2383,141.3423
IWTH02,玉山,39.8250,141.3826
IWTH03,岩泉,39.8020,141.6520
IWTH04,住田,39.1809,141.3909
IWTH05,藤沢,38.8654,141.3512
IWTH06,二戸西,40.2611,141.1709
IWTH07,軽米,40.2705,141.5709
IWTH08,久慈北,40.2686,141.7831
IWTH09,久慈南,40.0861,141.7120
IWTH10,安代,40.1391,140.9529
IWTH11,一戸,40.0811,141.1915
IWTH12,九戸,40.1533,141.4245
IWTH13,葛巻,39.9398,141.5492
IWTH14,田老,39.7435,141.9087
IWTH15,矢巾,39.6148,141.0929
IWTH16,雫石,39.6436,140.9465
IWTH17,川井北,39.6442,141.5977
IWTH18,川井南,39.4630,141.6775
IWTH19,花巻北,39.4559,141.0001
IWTH20,花巻南,39.3434,141.0473
IWTH21,山田,39.4734,141.9336
IWTH22,東和,39.3340,141.3015
IWTH23,釜石,39.2741,141.8233
IWTH24,金ヶ崎,39.1979,141.0118
IWTH26,一関東,38.9690,141.0013
IWTH27,陸前高田,39.0307,141.5320
IWTH28,一関西2,39.0094,140.8640
KGS001,東,32.1947,130.1763
KGS002,出水,32.0916,130.3519
KGS003,大口,32.0559,130.5874
KGS004,阿久根,32.0145,130.1927
KGS005,宮之城,31.9006,130.4513
KGS006,横川,31.9060,130.7021
KGS007,川内,31.8143,130.3032
KGS008,蒲生,31.7621,130.5699
KGS009,国分,31.7368,130.7613
KGS010,串木野,31.7123,130.2735
KGS011,日吉,31.5896,130.3490
KGS012,鹿児島,31.6057,130.5740
KGS013,大隅,31.5973,130.9938
KGS014,垂水,31.4963,130.6994
KGS015,大崎,31.4308,131.0109
KGS016,加世田,31.4162,130.3225
KGS017,鹿屋,31.3954,130.8702
KGS018,喜入,31.3757,130.5449
KGS019,枕崎,31.2776,130.3008
KGS020,頴娃,31.2396,130.4915
KGS021,指宿,31.2535,130.6324
KGS022,内之浦,31.2804,131.0504
KGS023,田代,31.1990,130.8490
KGS024,佐多,31.0888,130.6982
KGS025,西之表,30.7319,130.9977
KGS026,中種子,30.5199,130.9553
KGS027,門倉崎,30.3488,130.8829
KGS028,上屋久,30.4204,130.5771
KGS029,屋久,30.2363,130.5553
KGS030,笠利,28.4510,129.6784
KGS031,大和,28.3553,129.3924
KGS032,瀬戸内,28.1388,129.3206
KGS033,伊仙,27.6883,128.9421
KGS034,知名,27.3340,128.5743
KGS035,与論,27.0522,128.4241
KGS036,上甑,31.8360,129.8678
KGS037,下甑,31.6390,129.7078
KGSH01,長島,32.1554,130.1191
KGSH02,阿久根,31.9940,130.2077
KGSH03,宮之城,31.9812,130.4438
KGSH04,川内,31.8374,130.3602
KGSH05,祁答院,31.8699,130.4958
KGSH06,郡山,31.6988,130.4594
KGSH07,姶良,31.7140,130.6149
KGSH08,大隅,31.5618,130.9969
KGSH09,知覧,31.3741,130.4333
KGSH10,山川,31.2066,130.6183
KGSH11,佐多,31.0899,130.6990
KGSH12,内之浦,31.2583,131.0877
KGSH13,鹿屋,31.4005,130.8541
KGW001,土庄,34.5452,134.2804
KGW002,内海,34.4724,134.3142
KGW003,丸亀,34.2644,133.7896
KGW004,高松,34.3473,134.0375
KGW005,観音寺,34.1139,133.6353
KGW006,長尾,34.2499,134.1856
KGW007,引田,34.2130,134.4133
KGW008,琴南,34.1645,133.9241
KGWH01,綾上,34.2186,133.9493
KGWH02,三野,34.1980,133.7081
KGWH03,三木,34.2700,134.1482
KGWH04,大内,34.2264,134.3043
KGWH05,内海,34.4572,134.3241
KKWH01,美深北,44.5973,142.3036
KKWH02,美深東,44.5509,142.5736
KKWH03,美深西,44.4732,142.2725
KKWH04,名寄,44.4376,142.4056
KKWH05,下川西,44.2921,142.6303
KKWH06,下川東,44.3207,142.7656
KKWH07,富良野,43.3697,142.3409
KKWH08,占冠,43.0406,142.6562
KKWH09,音威子府,44.7745,142.2542
KKWH10,中川,44.6617,142.0528
KKWH11,和寒,43.9754,142.2834
KKWH12,美瑛東,43.5038,142.6006
KKWH13,美瑛西,43.5113,142.3906
KKWH14,中富良野,43.3841,142.5245
KKWH15,上川,43.8546,142.7656
KMM001,小国,33.1211,131.0689
KMM002,山鹿,33.0189,130.6846
KMM003,玉名,32.9335,130.5477
KMM004,一の宮,32.9318,131.1203
KMM005,大津,32.8761,130.8771
KMM006,熊本,32.7934,130.7772
KMM007,高森,32.8268,131.1224
KMM008,宇土,32.6875,130.6598
KMM009,矢部,32.6864,130.9886
KMM010,三角,32.6134,130.4873
KMM011,砥用,32.6166,130.8635
KMM012,八代,32.5099,130.5908
KMM013,田浦,32.3644,130.5089
KMM014,五木,32.3961,130.8273
KMM015,水俣,32.2161,130.4059
KMM016,人吉,32.1965,130.7757
KMM017,多良木,32.2567,130.9245
KMM018,龍ヶ岳,32.3941,130.3898
KMM019,本渡,32.4548,130.1807
KMM020,新和,32.3636,130.1807
KMM021,天草,32.3793,129.9996
KMM022,牛深,32.1945,130.0270
KMMH01,鹿北,33.1089,130.6949
KMMH02,小国,33.1220,131.0629
KMMH03,菊池,32.9984,130.8301
KMMH05,波野,32.9553,131.2207
KMMH06,白水,32.8114,131.1010
KMMH07,三角,32.6234,130.5584
KMMH08,矢部,32.6501,131.0251
KMMH09,泉,32.4901,130.9046
KMMH10,新和,32.3151,130.1811
KMMH11,芦北,32.2918,130.5777
KMMH12,人吉,32.2054,130.7371
KMMH13,上,32.2209,130.9096
KMMH14,豊野,32.6345,130.7521
KMMH15,水俣,32.1704,130.3647
KMMH16,益城,32.7967,130.8199
KMMH17,玉名,32.9873,130.5608
KMMH18,阿蘇2,33.0031,131.0071
KNG001,川崎,35.5291,139.7061
KNG002,横浜,35.4372,139.6334
KNG003,横須賀,35.2731,139.6582
KNG004,三崎,35.1442,139.6223
KNG005,鎌倉,35.3191,139.5461
KNG006,二俣川,35.4541,139.5391
KNG007,藤沢,35.3382,139.4926
KNG008,相模原,35.5749,139.3262
KNG009,厚木,35.4425,139.3621
KNG010,平塚,35.3339,139.3446
KNG011,藤野,35.6151,139.1554
KNG012,秦野,35.3793,139.2044
KNG013,小田原,35.2642,139.1521
KNG014,山北,35.3609,139.0828
KNG201,平塚ST1,34.5956,139.9183
KNG202,平塚ST2,34.7396,139.8393
KNG203,平塚ST3,34.7983,139.6435
KNG204,平塚ST4,34.8931,139.5711
KNG205,平塚ST5,34.9413,139.4213
KNG206,平塚ST6,35.0966,139.3778
KNGH10,横浜,35.4991,139.5195
KNGH11,厚木,35.4040,139.3539
KNGH18,藤野,35.6437,139.1283
KNGH19,山北中,35.4173,139.0436
KNGH20,松田,35.3663,139.1260
KNGH21,清川,35.4628,139.2146
KNGH22,山北南,35.3583,139.0910
KNGH23,葉山,35.2624,139.6110
KOC001,東洋,33.5277,134.2808
KOC002,室戸,33.2946,134.1666
KOC003,安芸,33.5014,133.9071
KOC004,物部,33.6975,133.8764
KOC005,土佐山田,33.5929,133.6923
KOC006,土佐,33.4943,133.4166
KOC007,高知,33.5612,133.5273
KOC008,本川,33.7758,133.3467
KOC009,吾川,33.5736,133.1720
KOC010,須崎,33.3929,133.2852
KOC011,檮原,33.3982,132.8962
KOC012,大正,33.1976,132.9758
KOC013,佐賀,33.0797,133.1023
KOC014,中村,32.9897,132.9403
KOC015,宿毛,32.9393,132.7258
KOC016,土佐清水,32.7359,132.9754
KOC017,大豊,33.7844,133.7298
KOCH01,北川,33.5421,134.1197
KOCH02,吾北,33.7079,133.3641
KOCH03,大正,33.2683,132.9891
KOCH04,大月,32.8414,132.7066
KOCH05,池川,33.6472,133.1444
KOCH06,中村,33.0754,132.9524
KOCH07,須崎,33.3920,133.2866
KOCH08,土佐清水,32.7797,132.9718
KOCH09,香北,33.6748,133.8243
KOCH10,伊野,33.5313,133.4388
KOCH11,室戸,33.2866,134.1603
KOCH12,芸西,33.5294,133.8192
KOCH13,本山,33.7543,133.5760
KSRH01,阿寒北,43.4361,144.0844
KSRH02,阿寒南,43.1142,144.1230
KSRH03,標茶北,43.3848,144.6279
KSRH04,標茶南,43.2139,144.6804
KSRH05,鶴居西,43.2556,144.2338
KSRH06,鶴居東,43.2200,144.4285
KSRH07,鶴居南,43.1359,144.3274
KSRH08,白糠北,43.1603,143.8936
KSRH09,白糠南,42.9856,143.9841
KSRH10,浜中,43.2084,145.1168
KYT001,丹後,35.7404,135.1019
KYT002,久美浜,35.6038,134.8945
KYT003,伊根,35.6762,135.2927
KYT004,宮津,35.5356,135.1959
KYT005,舞鶴,35.4756,135.3893
KYT006,福知山,35.2766,135.1820
KYT007,芦生,35.3063,135.7120
KYT008,本庄,35.2610,135.3967
KYT009,日吉,35.1639,135.5017
KYT011,亀岡,35.0171,135.5637
KYT012,京都,34.9977,135.8177
KYT013,宇治,34.8784,135.8046
KYT014,南山城,34.7731,135.9921
KYT015,広河原,35.2496,135.7667
KYTH01,野田川,35.5243,135.1243
KYTH02,伊根,35.7101,135.2496
KYTH03,福知山,35.3130,135.1334
KYTH04,美山,35.2685,135.5508
KYTH05,網野,35.6814,135.0268
KYTH06,亀岡,35.0469,135.4846
KYTH07,久御山,34.8983,135.7461
KYTH08,京都,35.0094,135.7304
MIE001,藤原,35.1719,136.4948
MIE002,菰野,35.0283,136.5069
MIE003,四日市,34.9708,136.6356
MIE004,亀山,34.8568,136.4489
MIE005,上野,34.7679,136.1149
MIE006,津,34.7178,136.5039
MIE007,白山,34.6398,136.3399
MIE008,名張,34.6291,136.1074
MIE009,松阪,34.5752,136.5296
MIE010,伊勢,34.4909,136.7331
MIE011,飯高,34.4284,136.3328
MIE012,志摩,34.2544,136.8229
MIE013,南島,34.2778,136.4993
MIE014,尾鷲,34.0636,136.1689
MIE015,熊野,33.8788,136.0816
MIE016,紀和,33.8764,135.9191
MIE017,宮川,34.3628,136.3358
MIE018,椿世,34.8701,136.4546
MIEH01,四日市,34.9849,136.4563
MIEH02,大山田,34.7662,136.2835
MIEH03,嬉野,34.5470,136.3692
MIEH04,度会,34.3532,136.5866
MIEH05,尾鷲,34.0637,136.1689
MIEH06,宮川,34.3580,136.3293
MIEH07,志摩,34.2544,136.8216
MIEH08,松阪,34.5424,136.5033
MIEH09,紀宝,33.7644,135.9969
MIEH10,芸濃,34.8224,136.4245
MYG001,気仙沼,38.9017,141.5709
MYG002,歌津,38.7261,141.5110
MYG003,東和,38.7349,141.3116
MYG004,築館,38.7324,141.0270
MYG005,鳴子,38.7989,140.6512
MYG006,古川,38.5660,140.9767
MYG007,豊里,38.5877,141.2510
MYG008,北上,38.5676,141.4267
MYG009,大和,38.4466,140.8871
MYG010,石巻,38.4292,141.2819
MYG011,牡鹿,38.3020,141.5079
MYG012,塩竈,38.3288,141.0128
MYG013,仙台,38.2661,140.9286
MYG014,作並,38.3173,140.6362
MYG015,岩沼,38.1037,140.8708
MYG016,白石,38.0079,140.6212
MYG017,角田,37.9760,140.7822
MYG018,伊里前,38.7194,141.5228
MYG019,鳴子温泉,38.7513,140.7226
MYGH02,鳴子,38.8587,140.6513
MYGH03,唐桑,38.9207,141.6377
MYGH04,東和,38.7860,141.3254
MYGH05,小野田,38.5793,140.7804
MYGH06,田尻,38.5907,141.0710
MYGH07,川崎,38.1802,140.6405
MYGH08,岩沼,38.1133,140.8441
MYGH09,白石,38.0091,140.6027
MYGH10,山元,37.9411,140.8924
MYGH11,河北,38.5158,141.3421
MYGH13,南三陸,38.6993,141.4176
MYGH14,利府,38.3400,140.9551
MYZ001,高千穂,32.7050,131.3086
MYZ002,北川,32.6978,131.6833
MYZ003,延岡,32.5659,131.6602
MYZ004,南郷,32.3888,131.3338
MYZ005,日向,32.4286,131.6009
MYZ006,都農,32.2564,131.5609
MYZ007,西米良,32.2351,131.1155
MYZ008,西都,32.1056,131.3931
MYZ009,えびの,32.0461,130.8115
MYZ010,小林,31.9968,130.9722
MYZ011,綾,31.9951,131.2559
MYZ012,高崎,31.8723,131.0684
MYZ013,宮崎,31.9086,131.4188
MYZ014,田野,31.8457,131.3070
MYZ015,都城,31.7182,131.0624
MYZ016,日南,31.6131,131.3745
MYZ017,串間,31.4639,131.2281
MYZ018,都井岬,31.3987,131.3054
MYZ019,北郷,32.5008,131.4444
MYZ020,椎葉,32.4557,131.1472
MYZH01,五ヶ瀬,32.6536,131.2257
MYZH02,北川,32.6972,131.6829
MYZH03,椎葉,32.4754,131.1043
MYZH04,諸塚,32.5181,131.3349
MYZH05,南郷,32.3470,131.2668
MYZH06,東郷,32.3607,131.4643
MYZH07,西米良,32.1987,131.1946
MYZH08,川南,32.2132,131.5309
MYZH09,須木,32.0421,131.0618
MYZH10,国富,32.0215,131.2900
MYZH11,佐土原,32.0208,131.4700
MYZH12,都城北,31.8643,130.9454
MYZH13,都城南,31.7301,131.0791
MYZH14,日南,31.5649,131.3510
MYZH15,日向,32.3654,131.5893
MYZH16,延岡,32.5060,131.6958
NAR001,生駒,34.7153,135.7276
NAR002,奈良,34.6682,135.8353
NAR003,大和高田,34.5171,135.7171
NAR004,榛原,34.5277,135.9511
NAR005,五條,34.3414,135.6844
NAR006,川上,34.3384,135.9545
NAR007,大塔,34.2214,135.7368
NAR008,上北山,34.1369,136.0063
NAR009,十津川,33.9396,135.7530
NARH01,十津川西,33.9666,135.6489
NARH02,十津川東,33.9692,135.8574
NARH03,川上,34.2925,136.0022
NARH04,黒滝,34.3061,135.8369
NARH05,東吉野,34.4237,136.0294
NARH06,山添,34.6413,136.0512
NARH07,天理,34.5843,135.8541
NGN001,飯山,36.8513,138.3657
NGN002,信濃,36.8068,138.2069
NGN003,山ノ内,36.7400,138.4137
NGN004,長野,36.6475,138.1941
NGN005,白馬,36.6987,137.8630
NGN006,大町,36.5084,137.8514
NGN007,杭瀬下,36.5344,138.1188
NGN008,上田,36.4018,138.2483
NGN009,穂高,36.3371,137.8718
NGN010,小諸,36.3282,138.4349
NGN011,長門,36.2718,138.2584
NGN012,松本,36.2571,137.9796
NGN013,安曇,36.1827,137.7850
NGN014,小海,36.0956,138.4839
NGN015,諏訪,36.0451,138.1114
NGN016,富士見,35.9133,138.2229
NGN017,楢川,35.9749,137.8259
NGN018,王滝,35.8129,137.5298
NGN019,木曽福島,35.8561,137.7080
NGN020,伊那,35.8278,137.9548
NGN021,駒ヶ根,35.7293,137.9336
NGN022,南木曽,35.6053,137.6126
NGN023,大鹿,35.5775,138.0338
NGN024,飯田,35.5232,137.8382
NGN025,天龍,35.2864,137.8571
NGNH03,阿智2,35.4786,137.7346
NGNH07,中野,36.7434,138.3760
NGNH08,三郷,36.2541,137.8591
NGNH09,武石,36.2859,138.2491
NGNH10,木祖,35.9632,137.7669
NGNH11,富士見,35.9157,138.3052
NGNH12,南牧,35.9696,138.4797
NGNH13,喬木,35.5143,137.8767
NGNH14,平谷,35.3095,137.6261
NGNH15,辰野,36.0088,137.9305
NGNH16,茅野,35.9465,138.1848
NGNH17,佐久,36.1425,138.5504
NGNH18,開田,35.9324,137.5950
NGNH19,川上,35.9735,138.5845
NGNH20,上松,35.7870,137.7173
NGNH21,伊那,35.8315,137.9236
NGNH22,長谷,35.7946,138.0824
NGNH23,南木曽,35.6056,137.6105
NGNH24,松川,35.6152,137.8797
NGNH25,南信濃,35.2986,137.9268
NGNH26,上山田,36.4663,138.1474
NGNH27,信州新,36.5770,138.0479
NGNH28,戸隠,36.7075,138.0964
NGNH29,野沢温泉,36.9102,138.4408
NGNH30,奈川,36.0640,137.6849
NGNH31,塩尻,36.1184,137.9389
NGNH32,松本,36.2578,137.9898
NGNH33,生坂,36.4598,137.9637
NGNH34,大町中,36.5327,137.8201
NGNH35,穂高,36.3824,137.8201
NGNH36,白馬,36.6984,137.8482
NGNH37,御代田,36.3308,138.4967
NGNH54,飯田,35.4489,138.0058
NGS001,平戸,33.3617,129.5377
NGS002,松浦,33.3442,129.7056
NGS003,志々伎,33.2016,129.4124
NGS004,佐世保,33.1810,129.7173
NGS005,東彼杵,33.0370,129.9173
NGS006,大瀬戸,32.9330,129.6436
NGS007,琴海,32.9062,129.7804
NGS008,小長井,32.9233,130.1846
NGS009,諫早,32.8457,130.0216
NGS010,長崎,32.7351,129.8765
NGS011,千々石,32.7843,130.2023
NGS012,島原,32.7883,130.3463
NGS013,野母崎,32.5810,129.7597
NGS014,口之津,32.6104,130.1851
NGS015,宇久,33.2557,129.1256
NGS016,若松,32.8876,129.0213
NGS017,福江,32.6693,128.8432
NGS018,玉之浦,32.6340,128.6205
NGS019,大村,32.9003,129.9583
NGS020,上対馬,34.6551,129.4591
NGS021,豊玉,34.3971,129.3239
NGS022,国分,34.2031,129.2874
NGS023,郷ノ浦,33.7500,129.6910
NGSH01,平戸,33.2116,129.4353
NGSH02,佐世保北,33.2122,129.7652
NGSH03,佐世保南,33.1256,129.8102
NGSH04,琴海,32.9553,129.8026
NGSH05,高来,32.9103,130.1408
NGSH06,長崎,32.6999,129.8625
NIG001,岩谷口,38.2570,138.4318
NIG002,両津,38.0748,138.4407
NIG003,佐和田,37.9977,138.3231
NIG004,小木,37.8200,138.2788
NIG005,松ヶ崎,37.9207,138.4971
NIG006,寒川,38.4514,139.4963
NIG007,村上,38.2306,139.4863
NIG008,中条,38.0514,139.4086
NIG009,新発田,37.9510,139.3377
NIG010,新潟,37.9144,139.0107
NIG011,新津,37.8012,139.1457
NIG012,鹿瀬,37.6863,139.4771
NIG013,巻,37.7634,138.8830
NIG014,三条,37.6412,138.9553
NIG015,村松,37.6938,139.1884
NIG016,寺泊,37.6458,138.7730
NIG017,長岡,37.4410,138.8425
NIG018,柏崎,37.3727,138.5583
NIG019,小千谷,37.3043,138.8121
NIG020,小出,37.2348,138.9621
NIG021,十日町,37.2011,138.7783
NIG022,塩沢,37.0366,138.8461
NIG023,津南,37.0134,138.6546
NIG024,安塚,37.1274,138.4442
NIG025,直江津,37.1610,138.2234
NIG026,新井,37.0224,138.2506
NIG027,糸魚川,37.0235,137.8613
NIG028,長岡支所,37.4257,138.8856
NIGH01,長岡,37.4272,138.8876
NIGH02,朝日,38.2799,139.5486
NIGH03,荒川,38.1327,139.4289
NIGH04,関川,38.1313,139.5428
NIGH05,聖籠,37.9759,139.2788
NIGH06,加茂,37.6527,139.0676
NIGH07,村松,37.6658,139.2610
NIGH08,津川,37.6708,139.4648
NIGH09,下田,37.5386,139.1279
NIGH10,上川,37.5438,139.3648
NIGH11,川西,37.1728,138.7440
NIGH12,湯之谷,37.2239,138.9821
NIGH13,牧,37.0544,138.3966
NIGH14,塩沢,37.0303,138.8521
NIGH15,六日,37.0533,138.9951
NIGH16,糸魚川,36.9378,137.8480
NIGH17,妙高高原,36.8569,138.0966
NIGH18,妙高,36.9425,138.2594
NIGH19,湯沢,36.8114,138.7849
NMRH01,標津北,43.7850,145.0246
NMRH02,標津南,43.6772,144.9618
NMRH03,中標津,43.5508,144.9665
NMRH04,別海東,43.3978,145.1224
NMRH05,別海西,43.3900,144.8021
OIT001,国見,33.6788,131.5949
OIT002,中津,33.5691,131.2675
OIT003,豊後高田,33.5575,131.4460
OIT004,国東,33.5659,131.7316
OIT005,耶馬渓,33.4537,131.1134
OIT006,院内,33.4211,131.3173
OIT007,杵築,33.4169,131.6142
OIT008,天瀬,33.2548,131.0197
OIT009,湯布院,33.2568,131.3443
OIT010,大分,33.2317,131.5934
OIT011,佐賀関,33.2468,131.8816
OIT012,直入,33.0666,131.3729
OIT013,犬飼,33.0727,131.5934
OIT014,津久見,33.0656,131.8588
OIT015,竹田,32.9733,131.3998
OIT016,佐伯,32.9748,131.9030
OIT017,宇目,32.8579,131.6576
OIT018,蒲江,32.7980,131.9255
OITH01,山国,33.4122,131.0326
OITH02,山香,33.4581,131.4429
OITH03,安岐,33.4736,131.6856
OITH04,庄内,33.1306,131.3473
OITH05,野津原,33.1525,131.5420
OITH06,竹田,32.9726,131.3984
OITH07,三重,32.9870,131.5881
OITH08,宇目西,32.8392,131.5357
OITH09,宇目東,32.8486,131.6786
OITH10,佐伯,32.9278,131.8695
OITH11,九重,33.2844,131.2118
OKN001,国頭,26.7402,128.1736
OKN002,名護,26.5916,127.9767
OKN003,具志川,26.3800,127.8572
OKN004,那覇,26.2497,127.6786
OKN005,知念,26.1686,127.8267
OKN006,久米島,26.3497,126.7479
OKN007,狩俣,24.8530,125.2964
OKN008,城辺,24.7558,125.3864
OKN009,新栄,24.3413,124.1526
OKN010,伊原間,24.5088,124.2820
OKN011,上原,24.4324,123.7798
OKY001,湯原,35.1702,133.7311
OKY002,加茂,35.1785,134.0505
OKY003,西粟倉,35.1732,134.3346
OKY004,新見,34.9586,133.5018
OKY005,落合,35.0096,133.7318
OKY006,津山,35.0685,134.0054
OKY007,高梁,34.7805,133.6104
OKY008,建部,34.8688,133.9039
OKY009,吉井,34.9185,134.0931
OKY010,備前,34.7228,134.1229
OKY011,岡山,34.6554,133.9075
OKY012,倉敷,34.5897,133.7540
OKY013,笠岡,34.5094,133.5090
OKY014,下津井,34.4483,133.7870
OKY015,上斎原,35.2793,133.9260
OKYH01,玉野,34.5070,133.8905
OKYH02,瀬戸,34.7501,134.0702
OKYH03,岡山,34.7783,133.7890
OKYH04,真備,34.6429,133.6861
OKYH05,建部,34.8684,133.8527
OKYH06,美星,34.6756,133.5283
OKYH07,神郷,35.0493,133.3169
OKYH08,哲多,34.9103,133.4055
OKYH09,湯原,35.1809,133.6765
OKYH10,上斎原,35.2826,133.9263
OKYH11,勝央,35.0732,134.1162
OKYH12,大原,35.0999,134.3190
OKYH13,日生,34.7283,134.2744
OKYH14,北房,34.9363,133.6205
OSK001,能勢,34.9688,135.3960
OSK002,高槻,34.8572,135.5958
OSK003,豊中,34.7668,135.4684
OSK004,四條畷,34.7407,135.6396
OSK005,大阪,34.7256,135.5101
OSK006,堺,34.5894,135.4710
OSK007,羽曳野,34.5575,135.6060
OSK008,岸和田,34.4404,135.3918
OSK009,河内長野,34.4364,135.5805
OSK010,泉南,34.3744,135.2553
OSKH01,田尻,34.3977,135.2836
OSKH02,此花,34.6628,135.3896
OSKH03,太子,34.5248,135.6608
OSKH04,交野,34.7630,135.7052
OSKH05,大阪,34.7159,135.5199
OSMH01,知内,41.5977,140.4207
OSMH02,上磯,41.8374,140.6331
RMIH01,幌延,45.0167,142.0795
RMIH02,天塩,44.8948,141.9251
RMIH03,遠別,44.6359,141.8187
RMIH04,小平東,44.0974,141.9621
RMIH05,小平西,44.0254,141.7876
SAG001,鎮西,33.5274,129.8772
SAG002,唐津,33.4228,129.9192
SAG003,富士,33.3732,130.2081
SAG004,伊万里,33.2649,129.8813
SAG005,厳木,33.3213,130.0645
SAG006,武雄,33.1918,130.0314
SAG007,佐賀,33.2626,130.3005
SAG008,鹿島,33.1041,130.0998
SAGH01,鎮西,33.5080,129.8877
SAGH02,伊万里,33.2656,129.8798
SAGH03,富士,33.4098,130.2329
SAGH04,東脊振,33.3654,130.4046
SAGH05,白石,33.1806,130.1046
SBSH01,古平,43.2341,140.6228
SBSH02,泊,43.0527,140.5017
SBSH03,赤井川,43.0842,140.8199
SBSH04,共和,42.9758,140.6219
SBSH05,倶知安,42.9500,140.8223
SBSH06,蘭越,42.8309,140.4831
SBSH07,真狩,42.7630,140.8084
SBSH08,喜茂別,42.7680,140.9766
SBSH09,黒松内,42.6104,140.4841
SBSH10,島牧,42.7797,140.1557
SIG001,余呉,35.5399,136.2066
SIG002,今津,35.4214,136.0243
SIG003,長浜,35.3773,136.2642
SIG004,朽木,35.3474,135.9187
SIG005,彦根,35.2499,136.2414
SIG006,志賀,35.2002,135.9210
SIG007,近江八幡,35.1339,136.0957
SIG008,永源寺,35.0704,136.2946
SIG009,甲西,35.0052,136.0841
SIG010,大津,34.9719,135.8965
SIG011,信楽,34.8781,136.0591
SIG012,甲賀,34.9018,136.2324
SIGH01,多賀,35.2383,136.3599
SIGH02,大津,35.2482,135.8671
SIGH03,信楽,34.8530,136.0316
SIGH04,日野,34.9638,136.2610
SIT001,本庄,36.2431,139.1938
SIT002,熊谷,36.1478,139.3888
SIT003,久喜,36.0721,139.6969
SIT004,長瀞,36.1178,139.1044
SIT005,小川,36.0563,139.2626
SIT006,秩父,35.9959,139.0713
SIT007,東松山,36.0542,139.3933
SIT008,春日部,35.9829,139.7456
SIT009,川越,35.9033,139.4826
SIT010,大宮,35.9071,139.6478
SIT011,川口,35.8098,139.7214
SIT012,飯能,35.8403,139.3216
SIT013,所沢,35.7966,139.4659
SIT014,中津川,35.9954,138.8010
SITH01,岩槻,35.9290,139.7349
SITH03,日高,35.8990,139.3843
SITH04,所沢,35.8028,139.5353
SITH05,神泉,36.1509,139.0504
SITH06,川本,36.1131,139.2894
SITH07,名栗,35.9118,139.1485
SITH08,小鹿野,36.0274,138.9691
SITH09,皆野,36.0715,139.0993
SITH11,飯能,35.8637,139.2726
SITH12,都幾川2,35.9969,139.2194
SMN001,美保関,35.5371,133.1614
SMN002,松江,35.4713,133.0681
SMN003,横田,35.1798,133.0934
SMN004,木次,35.2875,132.9022
SMN005,出雲,35.3608,132.7449
SMN006,大田,35.1908,132.4981
SMN007,邑智,35.0773,132.5919
SMN008,瑞穂,34.8521,132.5308
SMN009,江津,35.0117,132.2219
SMN010,浜田,34.8876,132.0757
SMN011,匹見,34.5722,132.0136
SMN012,六日市,34.3551,131.9354
SMN013,益田,34.6696,131.8461
SMN014,津和野,34.4668,131.7747
SMN015,広瀬,35.3653,133.1706
SMN016,掛合,35.1959,132.8144
SMN017,西ノ島,36.0930,132.9838
SMN018,都万,36.1969,133.2348
SMN019,布施,36.2938,133.3526
SMN020,下宇部尾,35.5347,133.1651
SMNH01,伯太,35.2963,133.2604
SMNH02,仁多,35.2235,133.0856
SMNH03,佐田,35.2243,132.7223
SMNH04,邑智,35.0918,132.5308
SMNH05,羽須美,34.8697,132.6396
SMNH06,金城,34.8839,132.2026
SMNH07,美都,34.6940,132.0402
SMNH08,石見,34.8801,132.4208
SMNH09,匹見,34.5725,132.0122
SMNH10,美保関,35.5579,133.3004
SMNH11,平田,35.4259,132.8008
SMNH12,吉田,35.1634,132.8558
SMNH13,江津,35.0087,132.3069
SMNH14,六日市,34.3904,131.8925
SMNH15,鹿島,35.5232,133.0226
SMNH16,加茂,35.3422,132.8989
SOYH01,猿払北,45.3346,142.1185
SOYH02,猿払南,45.2163,142.2254
SOYH03,稚内西,45.2531,141.6334
SOYH04,稚内東,45.2303,141.8806
SOYH05,稚内北,45.4883,141.8850
SOYH06,豊富,45.1019,141.7834
SOYH07,浜頓別,45.1001,142.4307
SOYH08,中頓別,44.9387,142.2247
SOYH09,歌登北,44.8570,142.4868
SOYH10,歌登南,44.7433,142.6039
SRCH01,幌加内北,44.2803,142.1594
SRCH02,幌加内中,44.1160,142.1414
SRCH03,幌加内南,43.9994,142.1258
SRCH04,沼田,43.8203,141.9397
SRCH05,深川北,43.8243,142.1594
SRCH06,深川南,43.6948,142.0776
SRCH07,三笠,43.2300,141.8978
SRCH08,砂川,43.5138,141.9090
SRCH09,栗山,43.0587,141.8063
SRCH10,夕張,42.9930,142.0085
SZO001,熱海,35.1425,139.0798
SZO002,伊東,34.9653,139.1030
SZO003,東伊豆,34.8158,139.0544
SZO004,南伊豆,34.6471,138.8193
SZO005,松崎,34.7550,138.7841
SZO006,土肥,34.9111,138.7948
SZO007,修善寺,34.9771,138.9468
SZO008,沼津,35.1105,138.8436
SZO009,裾野,35.1972,138.9129
SZO010,御殿場,35.3134,138.9063
SZO011,富士宮,35.2129,138.6015
SZO012,蒲原,35.1257,138.6222
SZO013,清水,35.0409,138.4765
SZO014,静岡,34.9649,138.3741
SZO015,梅ヶ島,35.2433,138.3410
SZO016,焼津,34.8564,138.3120
SZO017,浜岡,34.6375,138.1286
SZO018,榛原,34.7389,138.2247
SZO019,掛川,34.7705,137.9989
SZO020,川根,35.0084,138.1474
SZO021,本川根,35.0978,138.1332
SZO022,佐久間,35.0918,137.8127
SZO023,天竜,34.8736,137.8167
SZO024,浜松,34.7104,137.7199
SZO025,湖西,34.7189,137.5318
SZO026,春野,34.9812,137.8964
SZO027,西伊豆,34.7809,138.7934
SZO028,川奈,34.9522,139.1379
SZOH24,引佐,34.8343,137.6616
SZOH25,新居,34.6913,137.5604
SZOH26,袋井,34.7948,137.9034
SZOH28,浜松,34.6683,137.7441
SZOH29,静岡北,35.3070,138.1973
SZOH30,水窪北,35.2233,137.9181
SZOH31,川根,34.9398,138.0767
SZOH32,龍山東,35.0086,137.8409
SZOH33,静岡南,35.0146,138.3526
SZOH34,清水北,35.1304,138.4243
SZOH35,伊東中,34.9467,139.0855
SZOH36,藤枝,34.9142,138.2008
SZOH37,芝川,35.2028,138.5659
SZOH38,函南,35.0854,138.9779
SZOH39,西伊豆西,34.7988,138.7724
SZOH40,河津,34.7832,138.9700
SZOH41,南伊豆,34.6749,138.8340
SZOH42,修善寺,34.9756,138.9128
SZOH43,清水南,34.9739,138.4924
SZOH53,掛川3,34.8768,138.0174
SZOH54,初島2,35.0417,139.1685
TCG001,黒磯,36.9432,140.0825
TCG002,塩原,36.9903,139.8029
TCG003,藤原,36.8153,139.7184
TCG004,湯元,36.8065,139.4221
TCG005,矢板,36.8061,139.9264
TCG006,小川,36.7638,140.1295
TCG007,宇都宮,36.5677,139.8873
TCG008,鹿沼,36.5600,139.7676
TCG009,今市,36.7261,139.7159
TCG010,足尾,36.6348,139.4379
TCG011,葛生,36.3869,139.6144
TCG012,小山,36.2863,139.8048
TCG013,真岡,36.4368,140.0227
TCG014,茂木,36.5428,140.1804
TCG015,芹沼,36.7488,139.7144
TCG016,北高岡,36.5288,140.1558
TCGH06,真岡,36.4458,139.9509
TCGH07,栗山西,36.8817,139.4534
TCGH08,栗山東,36.8828,139.6459
TCGH09,矢板,36.8625,139.8364
TCGH10,大田原,36.8578,140.0225
TCGH11,今市,36.7084,139.7694
TCGH12,氏家,36.6959,139.9842
TCGH13,馬頭,36.7342,140.1781
TCGH14,粟野,36.5509,139.6154
TCGH15,宇都宮,36.5595,139.8637
TCGH16,芳賀,36.5480,140.0751
TCGH17,藤原2,36.9853,139.6922
TKCH01,陸別,43.4683,143.6830
TKCH02,足寄東,43.3822,143.8983
TKCH03,足寄西,43.2708,143.4317
TKCH04,新得南,43.1739,142.9176
TKCH05,本別,43.1211,143.6181
TKCH06,芽室,42.8920,143.0603
TKCH07,豊頃,42.8114,143.5203
TKCH08,大樹,42.4865,143.1520
TKCH10,新得北,43.3337,142.9448
TKCH11,清水,42.8742,142.8830
TKS001,鳴門,34.2034,134.6096
TKS002,徳島,34.0439,134.5820
TKS003,阿南,33.8716,134.6040
TKS004,由岐,33.7750,134.5907
TKS005,上勝,33.8788,134.3890
TKS006,牟岐,33.6689,134.4191
TKS007,市場,34.0903,134.2854
TKS008,木屋平,33.9341,134.2113
TKS009,木頭,33.7722,134.1993
TKS010,貞光,34.0382,134.0614
TKS011,東祖谷山,33.8744,133.9219
TKS012,池田,34.0317,133.8064
TKSH01,日和佐,33.7751,134.4994
TKSH02,貞光,34.0112,134.0918
TKSH03,木屋平,33.8778,134.1294
TKSH04,徳島,33.9902,134.5337
TKSH05,海南,33.6628,134.3156
TKSH06,井川,33.9997,133.8933
TKY001,氷川,35.8031,139.0953
TKY002,桧原,35.7306,139.1454
TKY003,青梅,35.7968,139.2916
TKY004,八王子,35.6301,139.4034
TKY005,町田,35.5798,139.4137
TKY006,小金井,35.6989,139.5028
TKY007,新宿,35.7111,139.6864
TKY008,岡田,34.7851,139.3909
TKY009,波浮港,34.6867,139.4410
TKY010,新島,34.3779,139.2573
TKY012,八丈,33.1195,139.7986
TKY013,砂町,35.6627,139.8341
TKY014,亀戸,35.7002,139.8351
TKY015,東白鬚,35.7313,139.8119
TKY016,東雲,35.6486,139.7990
TKY017,辰巳,35.6473,139.8092
TKY018,八枝,35.6553,139.8114
TKY020,塩浜,35.6646,139.8086
TKY021,猿江,35.6875,139.8190
TKY022,横網,35.7002,139.7963
TKY023,八広,35.7259,139.8254
TKY024,奥戸,35.7401,139.8623
TKY025,篠崎,35.7136,139.8972
TKY026,宇喜田,35.6707,139.8633
TKY027,瑞江,35.6930,139.8913
TKY028,越中島,35.6698,139.7891
TKY029,三宅,34.0757,139.4789
TKYH02,府中,35.6539,139.4704
TKYH11,江東,35.6114,139.8125
TKYH12,八王子,35.6701,139.2650
TKYH13,檜原南,35.7017,139.1275
TTR001,若桜,35.3398,134.4007
TTR002,鳥取,35.4859,134.2201
TTR003,用瀬,35.3432,134.2075
TTR004,鹿野,35.4606,134.0548
TTR005,倉吉,35.4298,133.8258
TTR006,赤碕,35.5144,133.6297
TTR007,江府,35.2836,133.4866
TTR008,米子,35.4259,133.3301
TTR009,日南,35.1712,133.3118
TTRH01,智頭,35.2604,134.2173
TTRH02,日野,35.2313,133.3909
TTRH03,溝口,35.3553,133.4918
TTRH04,赤碕,35.4668,133.6307
TTRH05,岩美,35.5729,134.3426
TTRH06,河原,35.3946,134.1988
TTRH07,関金,35.3649,133.7486
TYM001,境,36.9764,137.6257
TYM002,氷見,36.8659,136.9750
TYM003,魚津,36.8164,137.4200
TYM004,宇奈月,36.8626,137.5274
TYM005,新湊,36.7611,137.0931
TYM006,小矢部,36.6731,136.8974
TYM007,富山,36.6687,137.2123
TYM008,大山,36.6085,137.2826
TYM009,八尾,36.5853,137.1403
TYM010,福光,36.5556,136.8883
TYM011,芦弁,36.5780,137.3851
TYM012,利賀,36.4402,137.0395
TYMH01,氷見,36.8866,136.9276
TYMH02,大門,36.7142,137.0378
TYMH03,富山,36.7294,137.2627
TYMH04,魚津,36.7914,137.4689
TYMH05,井波,36.5736,136.9584
TYMH06,八尾,36.5711,137.1595
TYMH07,利賀,36.4406,137.0392
WKY001,和歌山,34.2293,135.1694
WKY002,那賀,34.2755,135.4306
WKY003,有田,34.0996,135.1161
WKY004,清水,34.0841,135.4310
WKY005,龍神,33.8943,135.4885
WKY006,御坊,33.8909,135.1525
WKY007,本宮,33.8374,135.7736
WKY008,田辺,33.7289,135.3771
WKY009,新宮,33.7208,135.9814
WKY010,すさみ,33.5499,135.4973
WKY011,太地,33.5948,135.9462
WKY012,串本,33.4719,135.7835
WKY013,高野,34.2159,135.5864
WKY014,木守,33.7056,135.6396
WKYH01,広川,33.9804,135.2122
WKYH02,花園,34.1373,135.5369
WKYH03,野上,34.1314,135.3244
WKYH04,すさみ,33.5559,135.5454
WKYH05,那智勝浦,33.6072,135.8619
WKYH06,大塔,33.6948,135.5953
WKYH07,上富田,33.6894,135.4396
WKYH08,那賀,34.3228,135.4483
WKYH09,和歌山,34.2868,135.0714
WKYH10,印南,33.8248,135.2172
YMG001,須佐,34.6172,131.6022
YMG002,萩,34.4077,131.3986
YMG003,生雲中,34.3830,131.5999
YMG004,長門,34.3634,131.1865
YMG005,豊北,34.2907,130.9487
YMG006,豊浦,34.1487,130.9299
YMG007,美祢,34.1659,131.2065
YMG008,山口,34.0119,131.4099
YMG009,鹿野,34.2315,131.8175
YMG010,美川,34.2303,131.9819
YMG011,下関,34.0643,131.0213
YMG012,宇部,33.9943,131.2179
YMG013,防府,34.0313,131.5342
YMG014,徳山,34.0542,131.8077
YMG015,玖珂,34.0966,132.0761
YMG016,岩国,34.1703,132.1764
YMG017,柳井,33.9649,132.1011
YMG018,東和,33.9091,132.3559
YMG019,上関,33.8454,132.1204
YMGH01,防府,34.0494,131.5618
YMGH02,美祢,34.1111,131.1434
YMGH03,岩国,34.1891,132.1260
YMGH04,周東,34.0270,132.0626
YMGH05,美川,34.1974,131.9943
YMGH06,宇部,33.9893,131.3012
YMGH07,菊川,34.1149,131.0506
YMGH08,豊浦,34.1349,130.9323
YMGH09,田万川,34.6257,131.6681
YMGH10,むつみ,34.4837,131.6329
YMGH11,徳地,34.2091,131.6859
YMGH12,美東,34.2176,131.3597
YMGH13,長門,34.3408,131.1770
YMGH14,萩,34.3979,131.3774
YMGH15,徳山,33.9725,131.8149
YMGH16,上関,33.8260,132.1040
YMGH17,東和,33.9291,132.4046
YMN001,丹波山,35.7895,138.9198
YMN002,大月,35.6133,138.9473
YMN003,富士吉田,35.4651,138.8129
YMN004,塩山,35.7025,138.7266
YMN005,甲府,35.6551,138.5679
YMN006,本栖,35.4685,138.6069
YMN007,南部,35.2790,138.4651
YMN008,早川,35.4319,138.3321
YMN009,六郷,35.4966,138.4628
YMN010,須玉,35.7919,138.4182
YMN011,芦安,35.6384,138.3836
YMNH08,西野原,35.6895,138.7340
YMNH09,早川,35.4327,138.3325
YMNH10,早川北,35.5351,138.3087
YMNH11,大月,35.6247,138.9777
YMNH12,増穂,35.5623,138.4490
YMNH13,身延,35.3509,138.4203
YMNH14,都留南,35.5115,138.9675
YMNH15,上九一色,35.5323,138.6045
YMNH16,甲府2,35.7421,138.5653
YMT001,酒田,38.9142,139.8123
YMT002,新庄,38.7686,140.2965
YMT003,鶴岡,38.7260,139.8023
YMT004,温海,38.6208,139.5889
YMT005,肘折,38.6079,140.1627
YMT006,尾花沢,38.6001,140.4057
YMT007,東根,38.4302,140.3902
YMT008,中村,38.3854,139.9924
YMT009,寒河江,38.3902,140.2742
YMT010,山形,38.2608,140.3484
YMT011,上山,38.1484,140.2671
YMT012,長井,38.1087,140.0430
YMT013,小国,38.0631,139.7596
YMT014,下屋地,37.9193,139.8816
YMT015,米沢,37.9049,140.0990
YMT016,清川,38.7906,140.0207
YMT017,新庄支所,38.7897,140.3121
YMTH01,天童,38.3841,140.3805
YMTH02,山形,38.2693,140.2583
YMTH03,南陽,38.1035,140.1553
YMTH04,上山,38.0813,140.2978
YMTH05,小国,37.9883,139.8017
YMTH06,高畠,37.9633,140.1836
YMTH07,米沢,37.8960,140.0278
YMTH08,八幡,38.9701,140.0333
YMTH09,戸沢,38.7498,140.1780
YMTH10,舟形,38.7107,140.3744
YMTH11,最上,38.7132,140.5544
YMTH12,立川,38.6357,140.0055
YMTH13,朝日,38.4704,139.7606
YMTH14,西川西,38.3860,139.9916
YMTH15,西川東,38.4257,140.1249
