1,ABSH01,False,雄武,北海道,44.5276,142.8444,289,42,,,44.5253,142.8483
1,ABSH02,False,興部西,北海道,44.4234,143.0264,293,45,,,44.421,143.0304
1,ABSH03,False,興部東,北海道,44.3843,143.2407,297,46,,,44.3819,143.2446
1,ABSH04,False,滝上北,北海道,44.192,143.0767,294,50,,,44.1896,143.0806
1,ABSH05,False,滝上南,北海道,44.1146,143.0111,293,52,,,44.1123,143.0149
1,ABSH06,False,湧別北,北海道,44.2146,143.6202,305,50,,,44.2122,143.6242
1,ABSH07,False,白滝,北海道,43.8494,143.0861,294,59,,,43.8469,143.09
1,ABSH08,False,斜里北,北海道,44.064,144.9935,333,53,,,44.0616,144.9976
1,ABSH09,False,斜里南,北海道,43.9269,144.8071,329,57,,,43.9244,144.8111
1,ABSH10,False,佐呂間,北海道,44.0813,143.9455,312,53,,,44.0789,143.9494
1,ABSH11,False,女満別,北海道,43.9144,144.1913,317,57,,,43.9119,144.1953
1,ABSH12,False,小清水,北海道,43.8566,144.4574,322,58,,,43.8542,144.4614
1,ABSH13,False,留辺蘂,北海道,43.7419,143.4514,302,61,,,43.7394,143.4553
1,ABSH14,False,美幌,北海道,43.7228,144.1835,317,62,,,43.7203,144.1875
1,ABSH15,False,置戸東,北海道,43.6352,143.51,303,64,,,43.6328,143.5139
1,AICH04,False,安城,愛知県,34.9319,137.0568,172,277,,,34.9286,137.0597
1,AICH06,False,渥美,愛知県,34.6158,137.0419,171,285,,,34.6125,137.0449
1,AICH07,False,旭,愛知県,35.2194,137.4039,179,270,,,35.2161,137.4069
1,AICH08,False,額田,愛知県,34.9189,137.2993,177,278,,,34.9157,137.3023
1,AICH09,False,豊橋,愛知県,34.6643,137.3902,178,284,,,34.661,137.3932
1,AICH10,False,鳳来,愛知県,35.0002,137.6243,183,276,,,34.9969,137.6273
1,AICH11,False,春日井,愛知県,35.3059,137.057,172,268,,,35.3027,137.06
1,AICH12,False,幡豆,愛知県,34.7884,137.1057,173,281,,,34.7852,137.1087
1,AICH13,False,清洲,愛知県,35.2177,136.8509,167,270,,,35.2144,136.8539
1,AICH14,False,長久手,愛知県,35.1842,137.0474,171,271,,,35.181,137.0504
1,AICH15,False,足助,愛知県,35.1392,137.3359,177,272,,,35.1359,137.3389
1,AICH16,False,設楽,愛知県,35.1543,137.535,181,271,,,35.1511,137.538
1,AICH17,False,豊根,愛知県,35.184,137.7268,185,271,,,35.1808,137.7298
1,AICH18,False,岡崎,愛知県,34.9635,137.2377,175,277,,,34.9603,137.2406
1,AICH19,False,作手,愛知県,34.9512,137.4114,179,278,,,34.9479,137.4144
1,AICH20,False,新城,愛知県,34.8976,137.4876,182,278,,,34.8943,137.4906
1,AICH21,False,南知多,愛知県,34.7401,136.9385,169,282,,,34.7368,136.9415
1,AICH23,False,常滑2,愛知県,34.8806,136.8316,167,279,,,34.8774,136.8345
1,AKTH01,False,西木北,秋田県,39.8147,140.579,243,158,,,39.8119,140.5825
1,AKTH02,False,西木南,秋田県,39.6634,140.5721,243,161,,,39.6606,140.5756
1,AKTH03,False,矢島,秋田県,39.2223,140.1283,234,172,,,39.2194,140.1317
1,AKTH04,False,東成瀬,秋田県,39.174,140.7129,246,173,,,39.1711,140.7164
1,AKTH05,False,鳥海,秋田県,39.0718,140.3185,238,176,,,39.0689,140.3219
1,AKTH06,False,雄勝,秋田県,38.9801,140.4952,242,178,,,38.9772,140.4986
1,AKTH07,False,小坂,秋田県,40.4563,140.8395,249,142,,,40.4536,140.8431
1,AKTH08,False,藤里,秋田県,40.3188,140.2341,236,144,,,40.3161,140.2375
1,AKTH09,False,田代,秋田県,40.2755,140.4596,241,146,,,40.2728,140.4631
1,AKTH10,False,大館,秋田県,40.3002,140.5812,243,146,,,40.2975,140.5847
1,AKTH11,False,男鹿,秋田県,39.9554,139.7623,227,154,,,39.9527,139.7657
1,AKTH12,False,五城目,秋田県,39.9155,140.2221,236,155,,,39.9128,140.2256
1,AKTH13,False,阿仁,秋田県,39.9819,140.4072,240,154,,,39.9791,140.4107
1,AKTH14,False,鹿角,秋田県,40.0622,140.8084,248,152,,,40.0594,140.8119
1,AKTH15,False,協和,秋田県,39.6884,140.4075,240,161,,,39.6857,140.411
1,AKTH16,False,西仙北,秋田県,39.545,140.3481,239,164,,,39.5422,140.3515
1,AKTH17,False,中仙,秋田県,39.5575,140.6116,244,164,,,39.5547,140.615
1,AKTH18,False,大森,秋田県,39.3548,140.3869,239,169,,,39.3519,140.3903
1,AKTH19,False,湯沢,秋田県,39.1913,140.471,241,173,,,39.1885,140.4744
1,AOMH01,False,大間,青森県,41.5273,140.9127,250,116,,,41.5246,140.9163
1,AOMH02,False,佐井,青森県,41.4049,140.8567,249,119,,,41.4023,140.8603
1,AOMH03,False,川内,青森県,41.234,140.9896,252,123,,,41.2313,140.9932
1,AOMH04,False,青森,青森県,40.8524,140.6759,245,132,,,40.8497,140.6794
1,AOMH05,False,野辺地,青森県,40.8564,141.1033,254,132,,,40.8537,141.1069
1,AOMH06,False,六ヶ所,青森県,40.9664,141.3738,259,129,,,40.9638,141.3774
1,AOMH07,False,深浦,青森県,40.7451,140.0233,232,135,,,40.7424,140.0268
1,AOMH08,False,鰺ヶ沢,青森県,40.7618,140.3121,238,134,,,40.7592,140.3156
1,AOMH09,False,岩木,青森県,40.6199,140.3499,239,138,,,40.6172,140.3533
1,AOMH10,False,黒石,青森県,40.6091,140.6646,245,138,,,40.6064,140.6681
1,AOMH11,False,十和田湖西,青森県,40.58,140.995,252,139,,,40.5773,140.9986
1,AOMH12,False,十和田湖東,青森県,40.5846,141.1547,255,139,,,40.5819,141.1582
1,AOMH13,False,八戸,青森県,40.5794,141.4451,261,139,,,40.5767,141.4487
1,AOMH14,False,西目屋,青森県,40.5488,140.2726,237,140,,,40.5461,140.2761
1,AOMH15,False,大鰐,青森県,40.4841,140.5565,243,141,,,40.4814,140.56
1,AOMH16,False,新郷,青森県,40.4624,141.0923,254,142,,,40.4597,141.0958
1,AOMH17,False,名川,青森県,40.4492,141.3374,259,142,,,40.4465,141.3409
1,AOMH18,False,田子,青森県,40.2962,141.0145,252,146,,,40.2934,141.018
1,CHBH04,False,下総,千葉県,35.7966,140.0206,232,256,,,35.7934,140.0238
1,CHBH06,False,匝瑳,千葉県,35.7215,140.5046,242,258,,,35.7183,140.5079
1,CHBH10,False,千葉,千葉県,35.5458,140.2417,236,262,,,35.5425,140.245
1,CHBH11,False,養老,千葉県,35.2867,140.1529,236,269,,,35.2834,140.1562
1,CHBH12,False,富津,千葉県,35.3445,139.8554,229,267,,,35.3412,139.8586
1,CHBH13,False,成田,千葉県,35.8307,140.298,238,255,,,35.8275,140.3013
1,CHBH14,False,銚子中,千葉県,35.7342,140.823,248,258,,,35.7309,140.8263
1,CHBH15,False,館山西,千葉県,34.9591,139.7885,227,277,,,34.9558,139.7917
1,CHBH16,False,鴨川,千葉県,35.1384,139.9649,231,272,,,35.1351,139.9681
1,CHBH17,False,勝浦東,千葉県,35.1714,140.3398,238,272,,,35.1681,140.3431
1,CHBH19,False,蓮沼,千葉県,35.5943,140.5107,242,261,,,35.5911,140.514
1,CHBH20,False,鴨川南,千葉県,35.0882,140.0997,233,274,,,35.0848,140.1029
1,EHMH01,False,津島,愛媛県,33.0556,132.5552,80,324,,,33.0522,132.5577
1,EHMH02,False,西条,愛媛県,33.865,133.184,93,304,,,33.8617,133.1866
1,EHMH03,False,新宮,愛媛県,33.9154,133.6497,102,302,,,33.9121,133.6523
1,EHMH04,False,丹原,愛媛県,33.9023,133.0658,90,303,,,33.899,133.0684
1,EHMH05,False,砥部,愛媛県,33.7112,132.8032,85,307,,,33.7079,132.8057
1,EHMH06,False,日吉,愛媛県,33.3348,132.798,85,317,,,33.3314,132.8005
1,EHMH07,False,河辺,愛媛県,33.5022,132.748,84,313,,,33.4988,132.7505
1,EHMH08,False,柳谷,愛媛県,33.5388,133.0016,89,312,,,33.5354,133.0042
1,EHMH09,False,伊方,愛媛県,33.4719,132.3072,75,313,,,33.4686,132.3097
1,EHMH10,False,宮窪,愛媛県,34.1918,133.0581,90,296,,,34.1886,133.0607
1,EHMH11,False,大洲,愛媛県,33.5807,132.6011,81,311,,,33.5774,132.6036
1,EHMH12,False,宇和,愛媛県,33.427,132.5055,79,314,,,33.4236,132.508
1,EHMH13,False,三崎,愛媛県,33.3719,132.1157,71,316,,,33.3685,132.1182
1,FKIH01,False,永平寺,福井県,36.0955,136.3617,157,249,,,36.0924,136.3646
1,FKIH02,False,織田,福井県,35.9483,136.0556,151,253,,,35.9452,136.0584
1,FKIH03,False,和泉,福井県,35.9415,136.699,164,253,,,35.9383,136.7019
1,FKIH04,False,三方,福井県,35.5587,135.8694,147,262,,,35.5556,135.8722
1,FKIH05,False,敦賀,福井県,35.639,136.0303,151,260,,,35.6358,136.0331
1,FKIH06,False,高浜,福井県,35.4907,135.4841,140,264,,,35.4875,135.4869
1,FKIH07,False,小浜,福井県,35.4573,135.7266,145,265,,,35.4542,135.7294
1,FKOH01,False,北九州,福岡県,33.8849,130.9798,48,303,,,33.8817,130.9822
1,FKOH02,False,若宮,福岡県,33.6963,130.5963,40,308,,,33.6931,130.5986
1,FKOH03,False,宇美,福岡県,33.5608,130.5499,39,311,,,33.5575,130.5522
1,FKOH04,False,嘉穂,福岡県,33.5512,130.7451,43,311,,,33.5479,130.7475
1,FKOH05,False,犀川,福岡県,33.5293,130.9503,47,312,,,33.526,130.9526
1,FKOH06,False,豊前,福岡県,33.5925,131.1348,51,310,,,33.5892,131.1372
1,FKOH07,False,大刀洗,福岡県,33.3678,130.6354,41,316,,,33.3644,130.6378
1,FKOH08,False,小石原,福岡県,33.4654,130.8285,45,313,,,33.4621,130.8308
1,FKOH09,False,玄海,福岡県,33.8501,130.5432,39,304,,,33.8469,130.5456
1,FKOH10,False,浮羽,福岡県,33.2891,130.817,45,318,,,33.2858,130.8194
1,FKSH01,False,西会津,福島県,37.7565,139.715,226,208,,,37.7535,139.7183
1,FKSH02,False,熱塩加納,福島県,37.7317,139.8821,229,209,,,37.7287,139.8855
1,FKSH03,False,高郷,福島県,37.6078,139.7533,226,212,,,37.6048,139.7566
1,FKSH04,False,会津高田,福島県,37.4508,139.8126,228,216,,,37.4478,139.8159
1,FKSH05,False,下郷,福島県,37.2544,139.8725,229,220,,,37.2513,139.8758
1,FKSH06,False,伊南,福島県,37.1723,139.5199,222,222,,,37.1692,139.5231
1,FKSH07,False,檜枝岐,福島県,37.0103,139.3755,219,226,,,37.0072,139.3788
1,FKSH08,False,長沼,福島県,37.2822,140.2144,236,220,,,37.2792,140.2178
1,FKSH09,False,郡山,福島県,37.353,140.4264,240,218,,,37.35,140.4297
1,FKSH10,False,西郷,福島県,37.1616,140.093,233,223,,,37.1585,140.0963
1,FKSH11,False,矢吹,福島県,37.2006,140.3386,238,222,,,37.1976,140.342
1,FKSH12,False,平田,福島県,37.2169,140.5703,243,221,,,37.2139,140.5736
1,FKSH13,False,いわき西,福島県,36.9951,140.5853,243,227,,,36.9919,140.5886
1,FKSH14,False,いわき東,福島県,37.0264,140.9702,251,226,,,37.0233,140.9736
1,FKSH15,False,猪苗代,福島県,37.6461,140.1735,235,211,,,37.6431,140.1768
1,FKSH16,False,福島,福島県,37.7643,140.3766,239,208,,,37.7613,140.38
1,FKSH17,False,川俣,福島県,37.6636,140.5974,244,210,,,37.6606,140.6008
1,FKSH18,False,三春,福島県,37.4894,140.538,242,215,,,37.4864,140.5414
1,FKSH19,False,都路,福島県,37.4703,140.7227,246,215,,,37.4672,140.7261
1,FKSH20,False,浪江,福島県,37.4911,140.9871,252,215,,,37.4881,140.9906
1,FKSH21,False,只見,福島県,37.3421,139.3147,218,218,,,37.3392,139.3179
1,GIFH03,False,根尾,岐阜県,35.6325,136.6134,163,260,,,35.6294,136.6164
1,GIFH04,False,古川,岐阜県,36.2448,137.1983,174,245,,,36.2417,137.2013
1,GIFH05,False,荘川,岐阜県,36.0654,136.9479,170,249,,,36.0622,136.9508
1,GIFH06,False,高富,岐阜県,35.5038,136.7939,166,263,,,35.5006,136.7969
1,GIFH07,False,春日,岐阜県,35.4179,136.4347,159,266,,,35.4147,136.4376
1,GIFH08,False,大和,岐阜県,35.8323,136.9621,170,255,,,35.8291,136.9651
1,GIFH09,False,羽島,岐阜県,35.2768,136.7002,164,269,,,35.2736,136.7031
1,GIFH10,False,神岡,岐阜県,36.3779,137.3716,178,242,,,36.3749,137.3746
1,GIFH11,False,八百津,岐阜県,35.4865,137.2464,175,264,,,35.4833,137.2494
1,GIFH12,False,坂内,岐阜県,35.6033,136.4134,158,261,,,35.6001,136.4164
1,GIFH13,False,白川,岐阜県,36.2743,136.8979,168,245,,,36.2712,136.9009
1,GIFH14,False,上宝,岐阜県,36.2493,137.5174,181,245,,,36.2462,137.5204
1,GIFH15,False,高山,岐阜県,36.1338,137.2208,175,248,,,36.1306,137.2238
1,GIFH16,False,朝日北,岐阜県,36.094,137.3438,178,248,,,36.0909,137.3468
1,GIFH17,False,高鷲,岐阜県,35.9514,136.8732,168,252,,,35.9483,136.8762
1,GIFH18,False,馬瀬,岐阜県,35.8991,137.1495,173,254,,,35.896,137.1525
1,GIFH19,False,朝日南,岐阜県,36.0216,137.3906,178,251,,,36.0184,137.3936
1,GIFH20,False,下呂北,岐阜県,35.7991,137.2531,177,257,,,35.7959,137.2561
1,GIFH21,False,美並,岐阜県,35.6665,136.9618,170,259,,,35.6633,136.9648
1,GIFH22,False,金山,岐阜県,35.6682,137.1054,173,259,,,35.6651,137.1084
1,GIFH23,False,板取,岐阜県,35.7235,136.7847,166,258,,,35.7203,136.7876
1,GIFH24,False,東白川,岐阜県,35.6401,137.3187,176,260,,,35.6369,137.3217
1,GIFH25,False,谷汲,岐阜県,35.5214,136.6127,163,263,,,35.5183,136.6156
1,GIFH26,False,各務原,岐阜県,35.4121,136.8764,168,266,,,35.4089,136.8794
1,GIFH27,False,美濃加茂,岐阜県,35.4527,137.004,170,265,,,35.4495,137.007
1,GIFH28,False,中津川,岐阜県,35.4571,137.4706,181,266,,,35.4539,137.4737
1,GIFH29,False,上石津,岐阜県,35.2953,136.4732,160,269,,,35.2921,136.4761
1,GNMH05,False,伊勢崎,群馬県,36.3143,139.1847,216,244,,,36.3111,139.1879
1,GNMH06,False,館林,群馬県,36.2441,139.5443,222,245,,,36.2409,139.5476
1,GNMH07,False,利根,群馬県,36.6998,139.2104,215,234,,,36.6967,139.2136
1,GNMH08,False,嬬恋,群馬県,36.4917,138.5244,201,239,,,36.4886,138.5275
1,GNMH09,False,高山,群馬県,36.6212,138.9068,209,236,,,36.6181,138.91
1,GNMH10,False,下仁田,群馬県,36.2356,138.7291,207,244,,,36.2325,138.7322
1,GNMH11,False,富岡,群馬県,36.2862,138.921,209,244,,,36.2831,138.9242
1,GNMH12,False,神流,群馬県,36.144,138.9129,208,247,,,36.1409,138.9161
1,GNMH13,False,水上2,群馬県,36.862,139.0627,212,230,,,36.8589,139.0659
1,GNMH14,False,みどり,群馬県,36.4931,139.3219,218,239,,,36.4899,139.3251
1,HDKH01,False,平取西,北海道,42.7031,142.2296,277,87,,,42.7006,142.2333
1,HDKH02,False,平取東,北海道,42.7061,142.4054,280,87,,,42.7036,142.4092
1,HDKH03,False,門別東,北海道,42.5934,142.3521,279,89,,,42.5908,142.3558
1,HDKH04,False,門別西,北海道,42.5126,142.0381,273,91,,,42.5101,142.0418
1,HDKH05,False,新冠,北海道,42.5977,142.5446,283,89,,,42.5951,142.5483
1,HDKH06,False,静内,北海道,42.3498,142.3572,279,95,,,42.3472,142.3609
1,HDKH07,False,様似,北海道,42.133,142.9164,291,101,,,42.1304,142.9201
1,HRSH01,False,三原,広島県,34.3736,133.0236,90,291,,,34.3704,133.0262
1,HRSH02,False,大和,広島県,34.5482,132.948,88,287,,,34.545,132.9506
1,HRSH03,False,御調,広島県,34.5183,133.1375,92,288,,,34.515,133.1401
1,HRSH04,False,沼隈,広島県,34.3785,133.3493,96,291,,,34.3753,133.3519
1,HRSH05,False,神辺,広島県,34.5566,133.4179,98,287,,,34.5534,133.4205
1,HRSH06,False,口和,広島県,34.9137,132.9123,87,278,,,34.9105,132.9149
1,HRSH07,False,呉,広島県,34.2883,132.6411,82,293,,,34.285,132.6436
1,HRSH08,False,佐伯,広島県,34.3935,132.1611,72,291,,,34.3903,132.1636
1,HRSH09,False,吉舎,広島県,34.7016,132.9524,88,283,,,34.6983,132.955
1,HRSH10,False,芸北,広島県,34.7471,132.3794,76,282,,,34.7439,132.3819
1,HRSH11,False,神石,広島県,34.8225,133.1674,92,280,,,34.8193,133.1701
1,HRSH12,False,広島,広島県,34.581,132.4295,77,286,,,34.5778,132.432
1,HRSH13,False,広島南,広島県,34.4122,132.3907,77,290,,,34.4089,132.3932
1,HRSH14,False,沖美,広島県,34.209,132.4063,77,295,,,34.2058,132.4088
1,HRSH15,False,倉橋,広島県,34.1161,132.5053,79,297,,,34.1129,132.5078
1,HRSH16,False,吉田,広島県,34.6629,132.6689,82,284,,,34.6597,132.6715
1,HRSH17,False,戸河内,広島県,34.5716,132.2326,73,286,,,34.5684,132.2351
1,HRSH18,False,東広島,広島県,34.4572,132.7923,85,289,,,34.454,132.7949
1,HYGH01,False,三原,兵庫県,34.2937,134.7941,126,293,,,34.2904,134.7968
1,HYGH02,False,南光,兵庫県,35.0671,134.4234,118,274,,,35.0639,134.4261
1,HYGH03,False,波賀,兵庫県,35.2193,134.5237,120,270,,,35.2161,134.5264
1,HYGH04,False,篠山,兵庫県,35.0708,135.2811,135,274,,,35.0676,135.2839
1,HYGH05,False,上郡,兵庫県,34.8995,134.3284,116,278,,,34.8963,134.3311
1,HYGH06,False,相生,兵庫県,34.7935,134.4792,119,281,,,34.7903,134.4819
1,HYGH07,False,夢前,兵庫県,35.0322,134.6701,123,275,,,35.029,134.6728
1,HYGH08,False,加美,兵庫県,35.101,134.9036,128,273,,,35.0978,134.9064
1,HYGH09,False,東条,兵庫県,34.9082,135.0844,131,278,,,34.905,135.0872
1,HYGH10,False,加古川,兵庫県,34.8164,134.8078,126,280,,,34.8132,134.8106
1,HYGH11,False,山東,兵庫県,35.2925,134.9071,128,269,,,35.2893,134.9099
1,HYGH12,False,新宮,兵庫県,34.9313,134.5423,120,277,,,34.9281,134.545
1,HYGH13,False,香住,兵庫県,35.6208,134.6566,123,261,,,35.6177,134.6594
1,HYGH14,False,出石,兵庫県,35.4574,134.8621,127,265,,,35.4543,134.8649
1,HYGH15,False,村岡,兵庫県,35.4697,134.5953,121,264,,,35.4665,134.598
1,HYMH01,False,北檜山,北海道,42.4851,139.9678,231,92,,,42.4826,139.9714
1,HYMH02,False,厚沢部,北海道,41.9856,140.3087,238,104,,,41.9831,140.3122
1,HYMH03,False,熊石,北海道,42.1344,140.004,232,101,,,42.1319,140.0075
1,IBRH06,False,北茨城2,茨城県,36.8809,140.6545,245,230,,,36.8778,140.6579
1,IBRH07,False,江戸崎,茨城県,35.9521,140.3301,238,252,,,35.9489,140.3334
1,IBRH08,False,大洋,茨城県,36.1188,140.5621,243,248,,,36.1156,140.5655
1,IBRH09,False,常北,茨城県,36.439,140.3559,239,240,,,36.4358,140.3592
1,IBRH10,False,石下,茨城県,36.1112,139.9889,231,249,,,36.108,139.992
1,IBRH11,False,岩瀬,茨城県,36.3701,140.1401,234,242,,,36.3669,140.1434
1,IBRH12,False,大子,茨城県,36.8369,140.3181,238,230,,,36.8338,140.3215
1,IBRH13,False,高萩,茨城県,36.7955,140.575,243,232,,,36.7924,140.5784
1,IBRH14,False,十王,茨城県,36.6922,140.5484,243,234,,,36.689,140.5518
1,IBRH15,False,御前山,茨城県,36.5566,140.3013,238,238,,,36.5535,140.3046
1,IBRH16,False,山方,茨城県,36.6405,140.3976,240,236,,,36.6374,140.4009
1,IBRH17,False,霞ヶ浦,茨城県,36.0864,140.314,238,249,,,36.0832,140.3173
1,IBRH18,False,ひたちなか,茨城県,36.3631,140.6198,244,241,,,36.3599,140.6231
1,IBRH19,False,つくば,茨城県,36.2137,140.0893,233,246,,,36.2106,140.0926
1,IBRH20,False,波崎2,茨城県,35.8284,140.7323,246,255,,,35.8252,140.7356
1,IBRH21,False,つくば南,茨城県,35.9814,140.105,235,250,,,35.9782,140.1083
1,IBUH01,False,追分,北海道,42.8739,141.8191,268,83,,,42.8714,141.8228
1,IBUH02,False,穂別,北海道,42.8714,142.1285,275,83,,,42.8689,142.1322
1,IBUH03,False,厚真,北海道,42.6486,141.8641,269,88,,,42.6461,141.8679
1,IBUH04,False,豊浦,北海道,42.6415,140.665,245,88,,,42.639,140.6686
1,IBUH05,False,白老,北海道,42.5629,141.3497,259,90,,,42.5604,141.3533
1,IBUH06,False,室蘭,北海道,42.4116,141.0017,252,94,,,42.4091,141.0053
1,IBUH07,False,大滝,北海道,42.6476,141.0643,253,88,,,42.6451,141.0679
1,IKRH01,False,当別,北海道,43.4087,141.5836,264,69,,,43.4063,141.5873
1,IKRH02,False,新篠津,北海道,43.2204,141.6523,265,74,,,43.2179,141.6561
1,IKRH03,False,千歳,北海道,42.888,141.6399,265,82,,,42.8856,141.6436
1,ISKH01,False,珠洲,石川県,37.5266,137.2844,176,214,,,37.5236,137.2875
1,ISKH02,False,柳田,石川県,37.3644,137.0413,171,218,,,37.3614,137.0443
1,ISKH03,False,内浦,石川県,37.3458,137.2436,175,218,,,37.3428,137.2467
1,ISKH04,False,富来,石川県,37.1902,136.7176,165,222,,,37.1872,136.7206
1,ISKH05,False,穴水,石川県,37.2224,136.9689,170,221,,,37.2194,136.9719
1,ISKH06,False,志賀,石川県,37.0533,136.8206,167,225,,,37.0503,136.8236
1,ISKH07,False,金沢,石川県,36.515,136.6357,163,239,,,36.5119,136.6386
1,ISKH08,False,津幡,石川県,36.738,136.7906,166,233,,,36.735,136.7936
1,ISKH09,False,尾口,石川県,36.2667,136.7168,165,245,,,36.2636,136.7197
1,IWTH01,False,二戸東,岩手県,40.2383,141.3423,259,147,,,40.2356,141.3458
1,IWTH02,False,玉山,岩手県,39.825,141.3826,260,157,,,39.8222,141.3861
1,IWTH03,False,岩泉,岩手県,39.802,141.652,265,158,,,39.7992,141.6556
1,IWTH04,False,住田,岩手県,39.1809,141.3909,260,173,,,39.1781,141.3944
1,IWTH05,False,藤沢,岩手県,38.8654,141.3512,259,181,,,38.8625,141.3547
1,IWTH06,False,二戸西,岩手県,40.2611,141.1709,255,147,,,40.2583,141.1744
1,IWTH07,False,軽米,岩手県,40.2705,141.5709,263,146,,,40.2678,141.5744
1,IWTH08,False,久慈北,岩手県,40.2686,141.7831,268,147,,,40.2658,141.7867
1,IWTH09,False,久慈南,岩手県,40.0861,141.712,266,151,,,40.0833,141.7156
1,IWTH10,False,安代,岩手県,40.1391,140.9529,251,150,,,40.1364,140.9564
1,IWTH11,False,一戸,岩手県,40.0811,141.1915,256,151,,,40.0783,141.195
1,IWTH12,False,九戸,岩手県,40.1533,141.4245,260,149,,,40.1506,141.4281
1,IWTH13,False,葛巻,岩手県,39.9398,141.5492,263,155,,,39.9369,141.5528
1,IWTH14,False,田老,岩手県,39.7435,141.9087,270,159,,,39.7407,141.9123
1,IWTH15,False,矢巾,岩手県,39.6148,141.0929,254,163,,,39.6119,141.0964
1,IWTH16,False,雫石,岩手県,39.6436,140.9465,251,162,,,39.6408,140.95
1,IWTH17,False,川井北,岩手県,39.6442,141.5977,264,162,,,39.6414,141.6013
1,IWTH18,False,川井南,岩手県,39.463,141.6775,266,166,,,39.4601,141.6811
1,IWTH19,False,花巻北,岩手県,39.4559,141.0001,252,166,,,39.4531,141.0036
1,IWTH20,False,花巻南,岩手県,39.3434,141.0473,253,169,,,39.3406,141.0508
1,IWTH21,False,山田,岩手県,39.4734,141.9336,271,166,,,39.4705,141.9372
1,IWTH22,False,東和,岩手県,39.334,141.3015,258,169,,,39.3311,141.305
1,IWTH23,False,釜石,岩手県,39.2741,141.8233,269,171,,,39.2712,141.8269
1,IWTH24,False,金ヶ崎,岩手県,39.1979,141.0118,252,173,,,39.195,141.0153
1,IWTH25,True,一関西,岩手県,39.0092,140.8638,249,177,,,39.0063,140.8673
1,IWTH26,False,一関東,岩手県,38.969,141.0013,252,178,,,38.9661,141.0047
1,IWTH27,False,陸前高田,岩手県,39.0307,141.532,263,177,,,39.0278,141.5356
1,IWTH28,False,一関西2,岩手県,39.0094,140.864,249,177,,,39.0065,140.8674
1,KGSH01,False,長島,鹿児島県,32.1554,130.1191,30,347,,,32.1519,130.1214
1,KGSH02,False,阿久根,鹿児島県,31.994,130.2077,32,350,,,31.9906,130.21
1,KGSH03,False,宮之城,鹿児島県,31.9812,130.4438,37,350,,,31.9778,130.4461
1,KGSH04,False,川内,鹿児島県,31.8374,130.3602,35,353,,,31.8339,130.3625
1,KGSH05,False,祁答院,鹿児島県,31.8699,130.4958,38,353,,,31.8664,130.4981
1,KGSH06,False,郡山,鹿児島県,31.6988,130.4594,37,357,,,31.6953,130.4617
1,KGSH07,False,姶良,鹿児島県,31.714,130.6149,40,356,,,31.7106,130.6172
1,KGSH08,False,大隅,鹿児島県,31.5618,130.9969,48,360,,,31.5583,130.9992
1,KGSH09,False,知覧,鹿児島県,31.3741,130.4333,37,365,,,31.3706,130.4356
1,KGSH10,False,山川,鹿児島県,31.2066,130.6183,41,369,,,31.2031,130.6206
1,KGSH11,False,佐多,鹿児島県,31.0899,130.699,42,372,,,31.0864,130.7013
1,KGSH12,False,内之浦,鹿児島県,31.2583,131.0877,50,368,,,31.2547,131.09
1,KGSH13,False,鹿屋,鹿児島県,31.4005,130.8541,44,364,,,31.3969,130.8564
1,KGWH01,False,綾上,香川県,34.2186,133.9493,108,295,,,34.2153,133.952
1,KGWH02,False,三野,香川県,34.198,133.7081,103,295,,,34.1948,133.7107
1,KGWH03,False,三木,香川県,34.27,134.1482,112,294,,,34.2668,134.1508
1,KGWH04,False,大内,香川県,34.2264,134.3043,116,295,,,34.2231,134.3069
1,KGWH05,False,内海,香川県,34.4572,134.3241,116,289,,,34.454,134.3268
1,KKWH01,False,美深北,北海道,44.5973,142.3036,278,40,,,44.595,142.3075
1,KKWH02,False,美深東,北海道,44.5509,142.5736,284,41,,,44.5486,142.5775
1,KKWH03,False,美深西,北海道,44.4732,142.2725,278,43,,,44.4708,142.2764
1,KKWH04,False,名寄,北海道,44.4376,142.4056,280,44,,,44.4353,142.4094
1,KKWH05,False,下川西,北海道,44.2921,142.6303,285,48,,,44.2897,142.6342
1,KKWH06,False,下川東,北海道,44.3207,142.7656,288,47,,,44.3183,142.7694
1,KKWH07,False,富良野,北海道,43.3697,142.3409,279,70,,,43.3672,142.3447
1,KKWH08,False,占冠,北海道,43.0406,142.6562,285,78,,,43.0381,142.66
1,KKWH09,False,音威子府,北海道,44.7745,142.2542,277,36,,,44.7722,142.2581
1,KKWH10,False,中川,北海道,44.6617,142.0528,273,39,,,44.6594,142.0567
1,KKWH11,False,和寒,北海道,43.9754,142.2834,278,56,,,43.9731,142.2872
1,KKWH12,False,美瑛東,北海道,43.5038,142.6006,284,67,,,43.5014,142.6044
1,KKWH13,False,美瑛西,北海道,43.5113,142.3906,280,67,,,43.5089,142.3944
1,KKWH14,False,中富良野,北海道,43.3841,142.5245,283,70,,,43.3817,142.5283
1,KKWH15,False,上川,北海道,43.8546,142.7656,288,59,,,43.8522,142.7694
1,KMMH01,False,鹿北,熊本県,33.1089,130.6949,42,322,,,33.1056,130.6972
1,KMMH02,False,小国,熊本県,33.122,131.0629,50,322,,,33.1186,131.0653
1,KMMH03,False,菊池,熊本県,32.9984,130.8301,45,325,,,32.995,130.8325
1,KMMH05,False,波野,熊本県,32.9553,131.2207,53,326,,,32.9519,131.2231
1,KMMH06,False,白水,熊本県,32.8114,131.101,50,330,,,32.8081,131.1033
1,KMMH07,False,三角,熊本県,32.6234,130.5584,39,334,,,32.62,130.5608
1,KMMH08,False,矢部,熊本県,32.6501,131.0251,49,333,,,32.6467,131.0275
1,KMMH09,False,泉,熊本県,32.4901,130.9046,46,337,,,32.4867,130.9069
1,KMMH10,False,新和,熊本県,32.3151,130.1811,32,342,,,32.3117,130.1833
1,KMMH11,False,芦北,熊本県,32.2918,130.5777,40,342,,,32.2883,130.58
1,KMMH12,False,人吉,熊本県,32.2054,130.7371,43,344,,,32.2019,130.7394
1,KMMH13,False,上,熊本県,32.2209,130.9096,46,344,,,32.2175,130.9119
1,KMMH14,False,豊野,熊本県,32.6345,130.7521,43,334,,,32.6311,130.7544
1,KMMH15,False,水俣,熊本県,32.1704,130.3647,35,345,,,32.1669,130.3669
1,KMMH16,False,益城,熊本県,32.7967,130.8199,45,330,,,32.7933,130.8222
1,KMMH17,False,玉名,熊本県,32.9873,130.5608,39,325,,,32.9839,130.5632
1,KMMH18,False,阿蘇2,熊本県,33.0031,131.0071,48,325,,,32.9997,131.0094
1,KNGH10,False,横浜,神奈川県,35.4991,139.5195,222,264,,,35.4959,139.5227
1,KNGH11,False,厚木,神奈川県,35.404,139.3539,218,266,,,35.4007,139.3571
1,KNGH18,False,藤野,神奈川県,35.6437,139.1283,214,261,,,35.6404,139.1315
1,KNGH19,False,山北中,神奈川県,35.4173,139.0436,211,266,,,35.414,139.0468
1,KNGH20,False,松田,神奈川県,35.3663,139.126,213,266,,,35.3631,139.1291
1,KNGH21,False,清川,神奈川県,35.4628,139.2146,215,264,,,35.4595,139.2177
1,KNGH22,False,山北南,神奈川県,35.3583,139.091,212,268,,,35.3551,139.0942
1,KNGH23,False,葉山,神奈川県,35.2624,139.611,223,270,,,35.2591,139.6142
1,KOCH01,False,北川,高知県,33.5421,134.1197,112,312,,,33.5387,134.1224
1,KOCH02,False,吾北,高知県,33.7079,133.3641,96,308,,,33.7046,133.3667
1,KOCH03,False,大正,高知県,33.2683,132.9891,89,318,,,33.2649,132.9916
1,KOCH04,False,大月,高知県,32.8414,132.7066,83,329,,,32.838,132.7091
1,KOCH05,False,池川,高知県,33.6472,133.1444,92,309,,,33.6439,133.1469
1,KOCH06,False,中村,高知県,33.0754,132.9524,88,323,,,33.0719,132.955
1,KOCH07,False,須崎,高知県,33.392,133.2866,95,315,,,33.3886,133.2892
1,KOCH08,False,土佐清水,高知県,32.7797,132.9718,88,330,,,32.7763,132.9743
1,KOCH09,False,香北,高知県,33.6748,133.8243,106,308,,,33.6714,133.8269
1,KOCH10,False,伊野,高知県,33.5313,133.4388,98,312,,,33.528,133.4414
1,KOCH11,False,室戸,高知県,33.2866,134.1603,113,318,,,33.2832,134.1629
1,KOCH12,False,芸西,高知県,33.5294,133.8192,106,312,,,33.5261,133.8218
1,KOCH13,False,本山,高知県,33.7543,133.576,101,306,,,33.751,133.5786
1,KSRH01,False,阿寒北,北海道,43.4361,144.0844,315,69,,,43.4336,144.0883
1,KSRH02,False,阿寒南,北海道,43.1142,144.123,315,77,,,43.1117,144.1269
1,KSRH03,False,標茶北,北海道,43.3848,144.6279,326,70,,,43.3822,144.6319
1,KSRH04,False,標茶南,北海道,43.2139,144.6804,327,74,,,43.2114,144.6844
1,KSRH05,False,鶴居西,北海道,43.2556,144.2338,318,73,,,43.2531,144.2378
1,KSRH06,False,鶴居東,北海道,43.22,144.4285,322,74,,,43.2175,144.4325
1,KSRH07,False,鶴居南,北海道,43.1359,144.3274,320,76,,,43.1333,144.3314
1,KSRH08,False,白糠北,北海道,43.1603,143.8936,311,76,,,43.1578,143.8975
1,KSRH09,False,白糠南,北海道,42.9856,143.9841,313,80,,,42.9831,143.9881
1,KSRH10,False,浜中,北海道,43.2084,145.1168,336,74,,,43.2058,145.1208
1,KYTH01,False,野田川,京都府,35.5243,135.1243,132,263,,,35.5211,135.1271
1,KYTH02,False,伊根,京都府,35.7101,135.2496,135,258,,,35.707,135.2524
1,KYTH03,False,福知山,京都府,35.313,135.1334,132,268,,,35.3098,135.1362
1,KYTH04,False,美山,京都府,35.2685,135.5508,141,269,,,35.2653,135.5536
1,KYTH05,False,網野,京都府,35.6814,135.0268,130,259,,,35.6783,135.0296
1,KYTH06,False,亀岡,京都府,35.0469,135.4846,140,275,,,35.0437,135.4874
1,KYTH07,False,久御山,京都府,34.8983,135.7461,145,278,,,34.895,135.749
1,KYTH08,False,京都,京都府,35.0094,135.7304,144,276,,,35.0062,135.7333
1,MIEH01,False,四日市,三重県,34.9849,136.4563,159,276,,,34.9817,136.4592
1,MIEH02,False,大山田,三重県,34.7662,136.2835,156,282,,,34.7629,136.2864
1,MIEH03,False,嬉野,三重県,34.547,136.3692,157,287,,,34.5438,136.3721
1,MIEH04,False,度会,三重県,34.3532,136.5866,162,292,,,34.3499,136.5895
1,MIEH05,False,尾鷲,三重県,34.0637,136.1689,154,299,,,34.0604,136.1718
1,MIEH06,False,宮川,三重県,34.358,136.3293,157,292,,,34.3547,136.3322
1,MIEH07,False,志摩,三重県,34.2544,136.8216,167,294,,,34.2511,136.8245
1,MIEH08,False,松阪,三重県,34.5424,136.5033,160,287,,,34.5392,136.5061
1,MIEH09,False,紀宝,三重県,33.7644,135.9969,150,306,,,33.7611,135.9998
1,MIEH10,False,芸濃,三重県,34.8224,136.4245,159,280,,,34.8192,136.4274
1,MYGH02,False,鳴子,宮城県,38.8587,140.6513,245,181,,,38.8558,140.6547
1,MYGH03,False,唐桑,宮城県,38.9207,141.6377,265,180,,,38.9178,141.6412
1,MYGH04,False,東和,宮城県,38.786,141.3254,258,183,,,38.7831,141.3289
1,MYGH05,False,小野田,宮城県,38.5793,140.7804,247,188,,,38.5764,140.7839
1,MYGH06,False,田尻,宮城県,38.5907,141.071,253,188,,,38.5878,141.0744
1,MYGH07,False,川崎,宮城県,38.1802,140.6405,244,198,,,38.1772,140.6439
1,MYGH08,False,岩沼,宮城県,38.1133,140.8441,249,199,,,38.1103,140.8475
1,MYGH09,False,白石,宮城県,38.0091,140.6027,244,202,,,38.0061,140.6061
1,MYGH10,False,山元,宮城県,37.9411,140.8924,250,204,,,37.9381,140.8958
1,MYGH11,False,河北,宮城県,38.5158,141.3421,259,190,,,38.5129,141.3456
1,MYGH13,False,南三陸,宮城県,38.6993,141.4176,260,185,,,38.6964,141.4211
1,MYGH14,False,利府,宮城県,38.34,140.9551,251,194,,,38.337,140.9586
1,MYZH01,False,五ヶ瀬,宮崎県,32.6536,131.2257,53,333,,,32.6502,131.2281
1,MYZH02,False,北川,宮崎県,32.6972,131.6829,62,332,,,32.6938,131.6854
1,MYZH03,False,椎葉,宮崎県,32.4754,131.1043,50,338,,,32.4719,131.1067
1,MYZH04,False,諸塚,宮崎県,32.5181,131.3349,55,337,,,32.5147,131.3373
1,MYZH05,False,南郷,宮崎県,32.347,131.2668,54,341,,,32.3436,131.2692
1,MYZH06,False,東郷,宮崎県,32.3607,131.4643,58,341,,,32.3572,131.4667
1,MYZH07,False,西米良,宮崎県,32.1987,131.1946,52,345,,,32.1953,131.1969
1,MYZH08,False,川南,宮崎県,32.2132,131.5309,59,344,,,32.2097,131.5333
1,MYZH09,False,須木,宮崎県,32.0421,131.0618,50,348,,,32.0386,131.0642
1,MYZH10,False,国富,宮崎県,32.0215,131.29,54,349,,,32.0181,131.2924
1,MYZH11,False,佐土原,宮崎県,32.0208,131.47,58,349,,,32.0173,131.4724
1,MYZH12,False,都城北,宮崎県,31.8643,130.9454,47,353,,,31.8608,130.9478
1,MYZH13,False,都城南,宮崎県,31.7301,131.0791,50,356,,,31.7267,131.0814
1,MYZH14,False,日南,宮崎県,31.5649,131.351,55,360,,,31.5614,131.3533
1,MYZH15,False,日向,宮崎県,32.3654,131.5893,60,340,,,32.3619,131.5917
1,MYZH16,False,延岡,宮崎県,32.506,131.6958,62,337,,,32.5026,131.6982
1,NARH01,False,十津川西,奈良県,33.9666,135.6489,143,301,,,33.9633,135.6518
1,NARH02,False,十津川東,奈良県,33.9692,135.8574,147,301,,,33.9658,135.8603
1,NARH03,False,川上,奈良県,34.2925,136.0022,150,293,,,34.2892,136.005
1,NARH04,False,黒滝,奈良県,34.3061,135.8369,147,293,,,34.3028,135.8397
1,NARH05,False,東吉野,奈良県,34.4237,136.0294,151,290,,,34.4204,136.0323
1,NARH06,False,山添,奈良県,34.6413,136.0512,150,285,,,34.6381,136.054
1,NARH07,False,天理,奈良県,34.5843,135.8541,147,286,,,34.5811,135.8569
1,NGNH03,False,阿智2,長野県,35.4786,137.7346,185,264,,,35.4753,137.7376
1,NGNH07,False,中野,長野県,36.7434,138.376,197,233,,,36.7403,138.3792
1,NGNH08,False,三郷,長野県,36.2541,137.8591,187,245,,,36.251,137.8622
1,NGNH09,False,武石,長野県,36.2859,138.2491,196,244,,,36.2828,138.2522
1,NGNH10,False,木祖,長野県,35.9632,137.7669,186,252,,,35.96,137.77
1,NGNH11,False,富士見,長野県,35.9157,138.3052,197,253,,,35.9125,138.3083
1,NGNH12,False,南牧,長野県,35.9696,138.4797,201,252,,,35.9664,138.4828
1,NGNH13,False,喬木,長野県,35.5143,137.8767,188,264,,,35.5111,137.8797
1,NGNH14,False,平谷,長野県,35.3095,137.6261,183,268,,,35.3063,137.6292
1,NGNH15,False,辰野,長野県,36.0088,137.9305,189,251,,,36.0056,137.9336
1,NGNH16,False,茅野,長野県,35.9465,138.1848,195,253,,,35.9433,138.1879
1,NGNH17,False,佐久,長野県,36.1425,138.5504,203,248,,,36.1393,138.5535
1,NGNH18,False,開田,長野県,35.9324,137.595,183,253,,,35.9292,137.598
1,NGNH19,False,川上,長野県,35.9735,138.5845,203,252,,,35.9703,138.5877
1,NGNH20,False,上松,長野県,35.787,137.7173,185,256,,,35.7839,137.7203
1,NGNH21,False,伊那,長野県,35.8315,137.9236,189,255,,,35.8283,137.9267
1,NGNH22,False,長谷,長野県,35.7946,138.0824,192,256,,,35.7914,138.0855
1,NGNH23,False,南木曽,長野県,35.6056,137.6105,183,261,,,35.6024,137.6135
1,NGNH24,False,松川,長野県,35.6152,137.8797,188,261,,,35.612,137.8827
1,NGNH25,False,南信濃,長野県,35.2986,137.9268,189,267,,,35.2953,137.9298
1,NGNH26,False,上山田,長野県,36.4663,138.1474,194,240,,,36.4632,138.1505
1,NGNH27,False,信州新,長野県,36.577,138.0479,192,237,,,36.5739,138.051
1,NGNH28,False,戸隠,長野県,36.7075,138.0964,193,234,,,36.7044,138.0995
1,NGNH29,False,野沢温泉,長野県,36.9102,138.4408,200,229,,,36.9072,138.4439
1,NGNH30,False,奈川,長野県,36.064,137.6849,184,250,,,36.0609,137.688
1,NGNH31,False,塩尻,長野県,36.1184,137.9389,190,248,,,36.1153,137.9419
1,NGNH32,False,松本,長野県,36.2578,137.9898,191,245,,,36.2546,137.9929
1,NGNH33,False,生坂,長野県,36.4598,137.9637,190,240,,,36.4567,137.9668
1,NGNH34,False,大町中,長野県,36.5327,137.8201,187,238,,,36.5296,137.8231
1,NGNH35,False,穂高,長野県,36.3824,137.8201,187,242,,,36.3793,137.8231
1,NGNH36,False,白馬,長野県,36.6984,137.8482,188,234,,,36.6953,137.8513
1,NGNH37,False,御代田,長野県,36.3308,138.4967,202,243,,,36.3277,138.4999
1,NGNH54,False,飯田,長野県,35.4489,138.0058,191,265,,,35.4456,138.0088
1,NGSH01,False,平戸,長崎県,33.2116,129.4353,16,320,,,33.2083,129.4375
1,NGSH02,False,佐世保北,長崎県,33.2122,129.7652,23,320,,,33.2089,129.7675
1,NGSH03,False,佐世保南,長崎県,33.1256,129.8102,24,322,,,33.1222,129.8125
1,NGSH04,False,琴海,長崎県,32.9553,129.8026,24,326,,,32.9519,129.8049
1,NGSH05,False,高来,長崎県,32.9103,130.1408,31,327,,,32.9069,130.1431
1,NGSH06,False,長崎,長崎県,32.6999,129.8625,25,332,,,32.6965,129.8647
1,NIGH01,False,長岡,新潟県,37.4272,138.8876,209,216,,,37.4242,138.8908
1,NIGH02,False,朝日,新潟県,38.2799,139.5486,222,195,,,38.2769,139.5519
1,NIGH03,False,荒川,新潟県,38.1327,139.4289,220,199,,,38.1297,139.4322
1,NIGH04,False,関川,新潟県,38.1313,139.5428,222,199,,,38.1283,139.5461
1,NIGH05,False,聖籠,新潟県,37.9759,139.2788,217,203,,,37.9729,139.2821
1,NIGH06,False,加茂,新潟県,37.6527,139.0676,212,211,,,37.6497,139.0708
1,NIGH07,False,村松,新潟県,37.6658,139.261,216,210,,,37.6628,139.2643
1,NIGH08,False,津川,新潟県,37.6708,139.4648,221,210,,,37.6678,139.4681
1,NIGH09,False,下田,新潟県,37.5386,139.1279,214,214,,,37.5356,139.1311
1,NIGH10,False,上川,新潟県,37.5438,139.3648,219,213,,,37.5408,139.3681
1,NIGH11,False,川西,新潟県,37.1728,138.744,206,222,,,37.1697,138.7472
1,NIGH12,False,湯之谷,新潟県,37.2239,138.9821,212,221,,,37.2208,138.9853
1,NIGH13,False,牧,新潟県,37.0544,138.3966,199,226,,,37.0514,138.3997
1,NIGH14,False,塩沢,新潟県,37.0303,138.8521,208,226,,,37.0272,138.8553
1,NIGH15,False,六日,新潟県,37.0533,138.9951,211,225,,,37.0503,138.9983
1,NIGH16,False,糸魚川,新潟県,36.9378,137.848,188,228,,,36.9347,137.8511
1,NIGH17,False,妙高高原,新潟県,36.8569,138.0966,193,230,,,36.8539,138.0997
1,NIGH18,False,妙高,新潟県,36.9425,138.2594,196,228,,,36.9394,138.2625
1,NIGH19,False,湯沢,新潟県,36.8114,138.7849,207,231,,,36.8083,138.7881
1,NMRH01,False,標津北,北海道,43.785,145.0246,334,60,,,43.7825,145.0286
1,NMRH02,False,標津南,北海道,43.6772,144.9618,332,63,,,43.6747,144.9658
1,NMRH03,False,中標津,北海道,43.5508,144.9665,333,66,,,43.5483,144.9706
1,NMRH04,False,別海東,北海道,43.3978,145.1224,336,70,,,43.3953,145.1264
1,NMRH05,False,別海西,北海道,43.39,144.8021,329,70,,,43.3875,144.8061
1,OITH01,False,山国,大分県,33.4122,131.0326,49,315,,,33.4089,131.035
1,OITH02,False,山香,大分県,33.4581,131.4429,57,314,,,33.4547,131.4453
1,OITH03,False,安岐,大分県,33.4736,131.6856,62,313,,,33.4703,131.6881
1,OITH04,False,庄内,大分県,33.1306,131.3473,55,322,,,33.1272,131.3497
1,OITH05,False,野津原,大分県,33.1525,131.542,59,321,,,33.1492,131.5444
1,OITH06,False,竹田,大分県,32.9726,131.3984,56,326,,,32.9692,131.4008
1,OITH07,False,三重,大分県,32.987,131.5881,60,325,,,32.9836,131.5905
1,OITH08,False,宇目西,大分県,32.8392,131.5357,59,329,,,32.8358,131.5381
1,OITH09,False,宇目東,大分県,32.8486,131.6786,62,329,,,32.8452,131.681
1,OITH10,False,佐伯,大分県,32.9278,131.8695,66,327,,,32.9244,131.8719
1,OITH11,False,九重,大分県,33.2844,131.2118,53,318,,,33.2811,131.2142
1,OKYH01,False,玉野,岡山県,34.507,133.8905,107,288,,,34.5037,133.8931
1,OKYH02,False,瀬戸,岡山県,34.7501,134.0702,111,282,,,34.7468,134.0728
1,OKYH03,False,岡山,岡山県,34.7783,133.789,105,281,,,34.7751,133.7917
1,OKYH04,False,真備,岡山県,34.6429,133.6861,103,285,,,34.6397,133.6888
1,OKYH05,False,建部,岡山県,34.8684,133.8527,106,279,,,34.8652,133.8554
1,OKYH06,False,美星,岡山県,34.6756,133.5283,100,284,,,34.6724,133.5309
1,OKYH07,False,神郷,岡山県,35.0493,133.3169,95,275,,,35.0461,133.3196
1,OKYH08,False,哲多,岡山県,34.9103,133.4055,97,278,,,34.9071,133.4081
1,OKYH09,False,湯原,岡山県,35.1809,133.6765,103,271,,,35.1777,133.6792
1,OKYH10,False,上斎原,岡山県,35.2826,133.9263,108,269,,,35.2794,133.929
1,OKYH11,False,勝央,岡山県,35.0732,134.1162,112,274,,,35.07,134.1189
1,OKYH12,False,大原,岡山県,35.0999,134.319,116,273,,,35.0967,134.3217
1,OKYH13,False,日生,岡山県,34.7283,134.2744,115,282,,,34.7251,134.2771
1,OKYH14,False,北房,岡山県,34.9363,133.6205,102,277,,,34.9331,133.6232
1,OSKH01,False,田尻,大阪府,34.3977,135.2836,135,291,,,34.3944,135.2864
1,OSKH02,False,此花,大阪府,34.6628,135.3896,138,284,,,34.6595,135.3924
1,OSKH03,False,太子,大阪府,34.5248,135.6608,143,287,,,34.5215,135.6636
1,OSKH04,False,交野,大阪府,34.763,135.7052,144,282,,,34.7597,135.7081
1,OSKH05,False,大阪,大阪府,34.7159,135.5199,140,283,,,34.7127,135.5227
1,OSMH01,False,知内,北海道,41.5977,140.4207,240,114,,,41.5951,140.4243
1,OSMH02,False,上磯,北海道,41.8374,140.6331,244,108,,,41.8349,140.6367
1,RMIH01,False,幌延,北海道,45.0167,142.0795,274,30,,,45.0144,142.0833
1,RMIH02,False,天塩,北海道,44.8948,141.9251,271,33,,,44.8925,141.9289
1,RMIH03,False,遠別,北海道,44.6359,141.8187,268,39,,,44.6336,141.8225
1,RMIH04,False,小平東,北海道,44.0974,141.9621,271,53,,,44.0951,141.9659
1,RMIH05,False,小平西,北海道,44.0254,141.7876,268,54,,,44.0231,141.7914
1,SAGH01,False,鎮西,佐賀県,33.508,129.8877,26,312,,,33.5047,129.8899
1,SAGH02,False,伊万里,佐賀県,33.2656,129.8798,26,318,,,33.2623,129.8821
1,SAGH03,False,富士,佐賀県,33.4098,130.2329,33,315,,,33.4065,130.2353
1,SAGH04,False,東脊振,佐賀県,33.3654,130.4046,36,316,,,33.3621,130.4069
1,SAGH05,False,白石,佐賀県,33.1806,130.1046,30,320,,,33.1772,130.1069
1,SBSH01,False,古平,北海道,43.2341,140.6228,244,74,,,43.2317,140.6264
1,SBSH02,False,泊,北海道,43.0527,140.5017,242,78,,,43.0503,140.5053
1,SBSH03,False,赤井川,北海道,43.0842,140.8199,248,77,,,43.0818,140.8235
1,SBSH04,False,共和,北海道,42.9758,140.6219,244,80,,,42.9733,140.6256
1,SBSH05,False,倶知安,北海道,42.95,140.8223,248,80,,,42.9476,140.8259
1,SBSH06,False,蘭越,北海道,42.8309,140.4831,241,84,,,42.8285,140.4867
1,SBSH07,False,真狩,北海道,42.763,140.8084,248,85,,,42.7606,140.8121
1,SBSH08,False,喜茂別,北海道,42.768,140.9766,251,85,,,42.7656,140.9803
1,SBSH09,False,黒松内,北海道,42.6104,140.4841,241,89,,,42.6079,140.4877
1,SBSH10,False,島牧,北海道,42.7797,140.1557,235,85,,,42.7772,140.1593
1,SIGH01,False,多賀,滋賀県,35.2383,136.3599,157,270,,,35.2351,136.3628
1,SIGH02,False,大津,滋賀県,35.2482,135.8671,147,270,,,35.245,135.87
1,SIGH03,False,信楽,滋賀県,34.853,136.0316,151,279,,,34.8497,136.0344
1,SIGH04,False,日野,滋賀県,34.9638,136.261,155,277,,,34.9606,136.2639
1,SITH01,False,岩槻,埼玉県,35.929,139.7349,226,253,,,35.9258,139.7381
1,SITH03,False,日高,埼玉県,35.899,139.3843,218,253,,,35.8958,139.3875
1,SITH04,False,所沢,埼玉県,35.8028,139.5353,222,256,,,35.7996,139.5385
1,SITH05,False,神泉,埼玉県,36.1509,139.0504,211,248,,,36.1478,139.0536
1,SITH06,False,川本,埼玉県,36.1131,139.2894,217,248,,,36.11,139.2926
1,SITH07,False,名栗,埼玉県,35.9118,139.1485,214,253,,,35.9086,139.1517
1,SITH08,False,小鹿野,埼玉県,36.0274,138.9691,210,251,,,36.0243,138.9722
1,SITH09,False,皆野,埼玉県,36.0715,139.0993,213,249,,,36.0683,139.1024
1,SITH11,False,飯能,埼玉県,35.8637,139.2726,217,255,,,35.8605,139.2758
1,SMNH01,False,伯太,島根県,35.2963,133.2604,94,269,,,35.2931,133.263
1,SMNH02,False,仁多,島根県,35.2235,133.0856,91,270,,,35.2203,133.0882
1,SMNH03,False,佐田,島根県,35.2243,132.7223,83,270,,,35.2212,132.7249
1,SMNH04,False,邑智,島根県,35.0918,132.5308,79,274,,,35.0886,132.5333
1,SMNH05,False,羽須美,島根県,34.8697,132.6396,82,279,,,34.8665,132.6422
1,SMNH06,False,金城,島根県,34.8839,132.2026,73,279,,,34.8807,132.2051
1,SMNH07,False,美都,島根県,34.694,132.0402,69,283,,,34.6908,132.0427
1,SMNH08,False,石見,島根県,34.8801,132.4208,77,279,,,34.8769,132.4233
1,SMNH09,False,匹見,島根県,34.5725,132.0122,69,286,,,34.5693,132.0147
1,SMNH10,False,美保関,島根県,35.5579,133.3004,95,262,,,35.5547,133.3031
1,SMNH11,False,平田,島根県,35.4259,132.8008,85,265,,,35.4228,132.8033
1,SMNH12,False,吉田,島根県,35.1634,132.8558,86,272,,,35.1603,132.8583
1,SMNH13,False,江津,島根県,35.0087,132.3069,75,276,,,35.0056,132.3094
1,SMNH14,False,六日市,島根県,34.3904,131.8925,66,291,,,34.3872,131.895
1,SMNH15,False,鹿島,島根県,35.5232,133.0226,89,263,,,35.5201,133.0252
1,SMNH16,False,加茂,島根県,35.3422,132.8989,87,267,,,35.3391,132.9014
1,SOYH01,False,猿払北,北海道,45.3346,142.1185,275,22,,,45.3324,142.1224
1,SOYH02,False,猿払南,北海道,45.2163,142.2254,277,25,,,45.2141,142.2293
1,SOYH03,False,稚内西,北海道,45.2531,141.6334,265,24,,,45.2508,141.6372
1,SOYH04,False,稚内東,北海道,45.2303,141.8806,270,25,,,45.2281,141.8844
1,SOYH05,False,稚内北,北海道,45.4883,141.885,270,18,,,45.4861,141.8889
1,SOYH06,False,豊富,北海道,45.1019,141.7834,267,29,,,45.0997,141.7872
1,SOYH07,False,浜頓別,北海道,45.1001,142.4307,281,28,,,45.0978,142.4346
1,SOYH08,False,中頓別,北海道,44.9387,142.2247,277,32,,,44.9364,142.2286
1,SOYH09,False,歌登北,北海道,44.857,142.4868,282,34,,,44.8547,142.4907
1,SOYH10,False,歌登南,北海道,44.7433,142.6039,284,37,,,44.741,142.6078
1,SRCH01,False,幌加内北,北海道,44.2803,142.1594,275,48,,,44.278,142.1633
1,SRCH02,False,幌加内中,北海道,44.116,142.1414,275,52,,,44.1136,142.1452
1,SRCH03,False,幌加内南,北海道,43.9994,142.1258,275,55,,,43.997,142.1296
1,SRCH04,False,沼田,北海道,43.8203,141.9397,271,59,,,43.8179,141.9435
1,SRCH05,False,深川北,北海道,43.8243,142.1594,275,59,,,43.8219,142.1632
1,SRCH06,False,深川南,北海道,43.6948,142.0776,274,62,,,43.6924,142.0814
1,SRCH07,False,三笠,北海道,43.23,141.8978,270,74,,,43.2276,141.9016
1,SRCH08,False,砂川,北海道,43.5138,141.909,270,67,,,43.5114,141.9128
1,SRCH09,False,栗山,北海道,43.0587,141.8063,268,78,,,43.0563,141.81
1,SRCH10,False,夕張,北海道,42.993,142.0085,272,80,,,42.9905,142.0123
1,SZOH24,False,引佐,静岡県,34.8343,137.6616,184,280,,,34.831,137.6646
1,SZOH25,False,新居,静岡県,34.6913,137.5604,182,283,,,34.6879,137.5634
1,SZOH26,False,袋井,静岡県,34.7948,137.9034,189,281,,,34.7915,137.9064
1,SZOH28,False,浜松,静岡県,34.6683,137.7441,186,284,,,34.665,137.7471
1,SZOH29,False,静岡北,静岡県,35.307,138.1973,195,268,,,35.3038,138.2003
1,SZOH30,False,水窪北,静岡県,35.2233,137.9181,189,271,,,35.2201,137.9212
1,SZOH31,False,川根,静岡県,34.9398,138.0767,192,277,,,34.9365,138.0798
1,SZOH32,False,龍山東,静岡県,35.0086,137.8409,187,276,,,35.0053,137.8439
1,SZOH33,False,静岡南,静岡県,35.0146,138.3526,198,275,,,35.0113,138.3557
1,SZOH34,False,清水北,静岡県,35.1304,138.4243,199,273,,,35.1271,138.4273
1,SZOH36,False,藤枝,静岡県,34.9142,138.2008,195,279,,,34.9109,138.2038
1,SZOH37,False,芝川,静岡県,35.2028,138.5659,201,271,,,35.1995,138.569
1,SZOH38,False,函南,静岡県,35.0854,138.9779,211,274,,,35.0821,138.981
1,SZOH39,False,西伊豆西,静岡県,34.7988,138.7724,206,281,,,34.7954,138.7755
1,SZOH40,False,河津,静岡県,34.7832,138.97,210,281,,,34.7798,138.9732
1,SZOH41,False,南伊豆,静岡県,34.6749,138.834,209,284,,,34.6715,138.8372
1,SZOH42,False,修善寺,静岡県,34.9756,138.9128,209,276,,,34.9723,138.9159
1,SZOH43,False,清水南,静岡県,34.9739,138.4924,201,276,,,34.9706,138.4955
1,SZOH53,False,掛川3,静岡県,34.8768,138.0174,191,279,,,34.8735,138.0205
1,SZOH54,False,初島2,静岡県,35.0417,139.1685,215,275,,,35.0384,139.1716
1,TCGH06,False,真岡,栃木県,36.4458,139.9509,230,240,,,36.4427,139.9541
1,TCGH07,False,栗山西,栃木県,36.8817,139.4534,220,230,,,36.8786,139.4567
1,TCGH08,False,栗山東,栃木県,36.8828,139.6459,224,230,,,36.8797,139.6492
1,TCGH09,False,矢板,栃木県,36.8625,139.8364,228,230,,,36.8594,139.8397
1,TCGH10,False,大田原,栃木県,36.8578,140.0225,232,230,,,36.8547,140.0258
1,TCGH11,False,今市,栃木県,36.7084,139.7694,228,234,,,36.7053,139.7727
1,TCGH12,False,氏家,栃木県,36.6959,139.9842,231,234,,,36.6928,139.9875
1,TCGH13,False,馬頭,栃木県,36.7342,140.1781,235,233,,,36.7311,140.1814
1,TCGH14,False,粟野,栃木県,36.5509,139.6154,224,238,,,36.5478,139.6186
1,TCGH15,False,宇都宮,栃木県,36.5595,139.8637,229,238,,,36.5564,139.8669
1,TCGH16,False,芳賀,栃木県,36.548,140.0751,233,238,,,36.5449,140.0784
1,TCGH17,False,藤原2,栃木県,36.9853,139.6922,225,227,,,36.9823,139.6955
1,TKCH01,False,陸別,北海道,43.4683,143.683,306,68,,,43.4658,143.6869
1,TKCH02,False,足寄東,北海道,43.3822,143.8983,311,70,,,43.3797,143.9022
1,TKCH03,False,足寄西,北海道,43.2708,143.4317,301,73,,,43.2683,143.4356
1,TKCH04,False,新得南,北海道,43.1739,142.9176,291,75,,,43.1714,142.9214
1,TKCH05,False,本別,北海道,43.1211,143.6181,305,77,,,43.1186,143.6219
1,TKCH06,False,芽室,北海道,42.892,143.0603,293,82,,,42.8894,143.0642
1,TKCH07,False,豊頃,北海道,42.8114,143.5203,303,84,,,42.8089,143.5242
1,TKCH08,False,大樹,北海道,42.4865,143.152,296,92,,,42.4839,143.1558
1,TKCH10,False,新得北,北海道,43.3337,142.9448,291,71,,,43.3313,142.9486
1,TKCH11,False,清水,北海道,42.8742,142.883,290,83,,,42.8717,142.8868
1,TKSH01,False,日和佐,徳島県,33.7751,134.4994,120,306,,,33.7717,134.5021
1,TKSH02,False,貞光,徳島県,34.0112,134.0918,111,300,,,34.0079,134.0945
1,TKSH03,False,木屋平,徳島県,33.8778,134.1294,112,303,,,33.8745,134.1321
1,TKSH04,False,徳島,徳島県,33.9902,134.5337,120,301,,,33.9869,134.5364
1,TKSH05,False,海南,徳島県,33.6628,134.3156,116,309,,,33.6594,134.3183
1,TKSH06,False,井川,徳島県,33.9997,133.8933,107,300,,,33.9964,133.8959
1,TKYH02,False,府中,東京都,35.6539,139.4704,221,260,,,35.6507,139.4736
1,TKYH11,False,江東,東京都,35.6114,139.8125,228,261,,,35.6081,139.8157
1,TKYH12,False,八王子,東京都,35.6701,139.265,217,259,,,35.6669,139.2682
1,TTRH01,False,智頭,鳥取県,35.2604,134.2173,114,269,,,35.2572,134.22
1,TTRH02,False,日野,鳥取県,35.2313,133.3909,97,270,,,35.2281,133.3936
1,TTRH03,False,溝口,鳥取県,35.3553,133.4918,99,267,,,35.3522,133.4944
1,TTRH04,False,赤碕,鳥取県,35.4668,133.6307,102,264,,,35.4636,133.6333
1,TTRH05,False,岩美,鳥取県,35.5729,134.3426,116,262,,,35.5698,134.3454
1,TTRH06,False,河原,鳥取県,35.3946,134.1988,113,266,,,35.3914,134.2015
1,TTRH07,False,関金,鳥取県,35.3649,133.7486,104,267,,,35.3618,133.7513
1,TYMH01,False,氷見,富山県,36.8866,136.9276,169,230,,,36.8836,136.9306
1,TYMH02,False,大門,富山県,36.7142,137.0378,171,234,,,36.7111,137.0408
1,TYMH03,False,富山,富山県,36.7294,137.2627,176,233,,,36.7263,137.2658
1,TYMH04,False,魚津,富山県,36.7914,137.4689,180,232,,,36.7883,137.4719
1,TYMH05,False,井波,富山県,36.5736,136.9584,170,237,,,36.5706,136.9614
1,TYMH06,False,八尾,富山県,36.5711,137.1595,174,237,,,36.5681,137.1625
1,TYMH07,False,利賀,富山県,36.4406,137.0392,171,240,,,36.4375,137.0422
1,WKYH01,False,広川,和歌山県,33.9804,135.2122,134,301,,,33.9771,135.215
1,WKYH02,False,花園,和歌山県,34.1373,135.5369,141,297,,,34.134,135.5397
1,WKYH03,False,野上,和歌山県,34.1314,135.3244,136,297,,,34.1281,135.3272
1,WKYH04,False,すさみ,和歌山県,33.5559,135.5454,141,311,,,33.5525,135.5482
1,WKYH05,False,那智勝浦,和歌山県,33.6072,135.8619,147,310,,,33.6038,135.8648
1,WKYH06,False,大塔,和歌山県,33.6948,135.5953,142,308,,,33.6915,135.5981
1,WKYH07,False,上富田,和歌山県,33.6894,135.4396,139,308,,,33.6861,135.4424
1,WKYH08,False,那賀,和歌山県,34.3228,135.4483,139,292,,,34.3194,135.4511
1,WKYH09,False,和歌山,和歌山県,34.2868,135.0714,131,293,,,34.2835,135.0742
1,WKYH10,False,印南,和歌山県,33.8248,135.2172,134,305,,,33.8214,135.22
1,YMGH01,False,防府,山口県,34.0494,131.5618,60,299,,,34.0461,131.5642
1,YMGH02,False,美祢,山口県,34.1111,131.1434,52,298,,,34.1078,131.1458
1,YMGH03,False,岩国,山口県,34.1891,132.126,71,296,,,34.1858,132.1285
1,YMGH04,False,周東,山口県,34.027,132.0626,70,300,,,34.0237,132.0651
1,YMGH05,False,美川,山口県,34.1974,131.9943,69,295,,,34.1941,131.9968
1,YMGH06,False,宇部,山口県,33.9893,131.3012,54,301,,,33.986,131.3036
1,YMGH07,False,菊川,山口県,34.1149,131.0506,48,299,,,34.1117,131.053
1,YMGH08,False,豊浦,山口県,34.1349,130.9323,46,298,,,34.1316,130.9347
1,YMGH09,False,田万川,山口県,34.6257,131.6681,62,285,,,34.6225,131.6706
1,YMGH10,False,むつみ,山口県,34.4837,131.6329,61,288,,,34.4805,131.6353
1,YMGH11,False,徳地,山口県,34.2091,131.6859,62,295,,,34.2058,131.6883
1,YMGH12,False,美東,山口県,34.2176,131.3597,56,295,,,34.2143,131.3621
1,YMGH13,False,長門,山口県,34.3408,131.177,52,292,,,34.3376,131.1794
1,YMGH14,False,萩,山口県,34.3979,131.3774,56,291,,,34.3947,131.3798
1,YMGH15,False,徳山,山口県,33.9725,131.8149,65,301,,,33.9692,131.8174
1,YMGH16,False,上関,山口県,33.826,132.104,71,305,,,33.8227,132.1064
1,YMGH17,False,東和,山口県,33.9291,132.4046,77,301,,,33.9258,132.4071
1,YMNH08,False,西野原,山梨県,35.6895,138.734,206,259,,,35.6863,138.7371
1,YMNH09,False,早川,山梨県,35.4327,138.3325,197,266,,,35.4294,138.3356
1,YMNH10,False,早川北,山梨県,35.5351,138.3087,197,263,,,35.5319,138.3118
1,YMNH11,False,大月,山梨県,35.6247,138.9777,211,260,,,35.6215,138.9808
1,YMNH12,False,増穂,山梨県,35.5623,138.449,200,262,,,35.5591,138.4521
1,YMNH13,False,身延,山梨県,35.3509,138.4203,198,268,,,35.3476,138.4234
1,YMNH14,False,都留南,山梨県,35.5115,138.9675,210,263,,,35.5082,138.9707
1,YMNH15,False,上九一色,山梨県,35.5323,138.6045,203,262,,,35.5291,138.6076
1,YMNH16,False,甲府2,山梨県,35.7421,138.5653,202,258,,,35.7389,138.5684
1,YMTH01,False,天童,山形県,38.3841,140.3805,239,193,,,38.3811,140.3839
1,YMTH02,False,山形,山形県,38.2693,140.2583,237,196,,,38.2664,140.2617
1,YMTH03,False,南陽,山形県,38.1035,140.1553,235,200,,,38.1006,140.1586
1,YMTH04,False,上山,山形県,38.0813,140.2978,238,200,,,38.0783,140.3011
1,YMTH05,False,小国,山形県,37.9883,139.8017,227,202,,,37.9853,139.805
1,YMTH06,False,高畠,山形県,37.9633,140.1836,235,203,,,37.9603,140.1869
1,YMTH07,False,米沢,山形県,37.896,140.0278,232,205,,,37.8931,140.0311
1,YMTH08,False,八幡,山形県,38.9701,140.0333,232,178,,,38.9672,140.0367
1,YMTH09,False,戸沢,山形県,38.7498,140.178,235,184,,,38.7469,140.1814
1,YMTH10,False,舟形,山形県,38.7107,140.3744,239,185,,,38.7078,140.3778
1,YMTH11,False,最上,山形県,38.7132,140.5544,243,185,,,38.7103,140.5578
1,YMTH12,False,立川,山形県,38.6357,140.0055,232,187,,,38.6328,140.0089
1,YMTH13,False,朝日,山形県,38.4704,139.7606,227,191,,,38.4675,139.7639
1,YMTH14,False,西川西,山形県,38.386,139.9916,232,193,,,38.3831,139.995
1,YMTH15,False,西川東,山形県,38.4257,140.1249,234,192,,,38.4228,140.1283
2,AIC001,False,尾西,愛知県,35.2976,136.75,166,268,,,35.2944,136.753
2,AIC002,False,小牧,愛知県,35.2979,136.9153,169,269,,,35.2947,136.9183
2,AIC003,False,津島,愛知県,35.1732,136.7404,165,272,,,35.17,136.7433
2,AIC004,False,名古屋,愛知県,35.0632,136.9737,170,274,,,35.06,136.9767
2,AIC005,False,藤岡,愛知県,35.1979,137.2056,175,271,,,35.1947,137.2086
2,AIC006,False,稲武,愛知県,35.2159,137.5086,181,270,,,35.2127,137.5116
2,AIC008,False,設楽,愛知県,35.1006,137.5756,182,273,,,35.0973,137.5786
2,AIC009,False,豊田,愛知県,35.0812,137.1464,173,274,,,35.078,137.1494
2,AIC010,False,作手,愛知県,34.9803,137.4297,179,276,,,34.977,137.4327
2,AIC011,False,知多,愛知県,34.9965,136.8639,168,276,,,34.9933,136.8669
2,AIC012,False,安城,愛知県,34.9119,137.0447,171,279,,,34.9086,137.0477
2,AIC014,False,蒲郡,愛知県,34.8263,137.22,175,280,,,34.823,137.223
2,AIC015,False,豊橋,愛知県,34.7549,137.4047,179,281,,,34.7516,137.4077
2,AIC016,False,美浜,愛知県,34.7788,136.9087,169,279,,,34.7755,136.9116
2,AIC017,False,田原,愛知県,34.6728,137.2606,176,284,,,34.6695,137.2636
2,AIC018,False,渥美,愛知県,34.6221,137.1078,173,285,,,34.6188,137.1108
2,AKT003,False,藤里,秋田県,40.2782,140.2631,237,147,,,40.2755,140.2666
2,AKT004,False,八森,秋田県,40.3888,139.9827,231,144,,,40.3861,139.9861
2,AKT005,False,能代,秋田県,40.2032,140.0288,232,148,,,40.2005,140.0322
2,AKT007,False,琴丘,秋田県,40.0376,140.0919,233,152,,,40.0349,140.0953
2,AKT008,False,飯田川,秋田県,39.883,140.0716,233,157,,,39.8802,140.075
2,AKT009,False,男鹿,秋田県,39.8879,139.8466,228,156,,,39.8852,139.85
2,AKT010,False,秋田,秋田県,39.7225,140.1002,234,160,,,39.7197,140.1036
2,AKT015,False,本荘,秋田県,39.383,140.0499,233,168,,,39.3802,140.0533
2,AKT016,False,大曲,秋田県,39.4544,140.476,241,167,,,39.4516,140.4794
2,AKT017,False,横手,秋田県,39.2975,140.5629,243,170,,,39.2947,140.5663
2,AKT019,False,雄勝,秋田県,39.0384,140.451,240,177,,,39.0355,140.4544
2,AKT020,False,象潟,秋田県,39.2022,139.9085,230,173,,,39.1994,139.9119
2,AOM003,False,大畑,青森県,41.4054,141.1699,255,119,,,41.4028,141.1735
2,AOM004,False,尻屋,青森県,41.4087,141.4486,261,119,,,41.4061,141.4522
2,AOM007,False,南通,青森県,41.169,141.3846,260,124,,,41.1664,141.3882
2,AOM008,False,横浜,青森県,41.084,141.2552,256,126,,,41.0813,141.2588
2,AOM011,False,三沢,青森県,40.6803,141.3669,258,135,,,40.6776,141.3705
2,AOM012,False,八戸,青森県,40.5138,141.4805,262,141,,,40.5111,141.4841
2,AOM013,False,南部,青森県,40.4124,141.28,257,143,,,40.4097,141.2836
2,AOM016,False,弘前,青森県,40.6018,140.499,242,138,,,40.5991,140.5025
2,AOM020,False,青森,青森県,40.8193,140.7501,247,133,,,40.8166,140.7536
2,AOM022,False,東田沢,青森県,40.9924,140.9155,250,129,,,40.9897,140.9191
2,AOM023,False,中里,青森県,40.9676,140.4326,240,130,,,40.965,140.4361
2,AOM024,False,蟹田,青森県,41.0473,140.6398,245,127,,,41.0447,140.6433
2,AOM025,False,今別,青森県,41.1795,140.4801,241,124,,,41.1769,140.4836
2,AOM026,False,小泊,青森県,41.1281,140.3106,238,125,,,41.1255,140.3141
2,AOM027,False,脇野沢,青森県,41.1453,140.8219,248,125,,,41.1427,140.8255
2,AOM028,False,八甲田,青森県,40.7002,140.919,250,136,,,40.6975,140.9225
2,CHB001,False,野田,千葉県,35.9595,139.8733,229,252,,,35.9563,139.8766
2,CHB002,False,松戸,千葉県,35.7868,139.9031,229,255,,,35.7836,139.9063
2,CHB003,False,白井,千葉県,35.7943,140.0564,235,256,,,35.7911,140.0597
2,CHB004,False,佐原,千葉県,35.9007,140.4905,242,254,,,35.8975,140.4938
2,CHB006,False,成田,千葉県,35.7801,140.3067,238,257,,,35.7769,140.31
2,CHB007,False,佐倉,千葉県,35.7234,140.2267,236,258,,,35.7202,140.23
2,CHB008,False,浦安,千葉県,35.6537,139.9023,230,261,,,35.6505,139.9055
2,CHB009,False,千葉,千葉県,35.6082,140.1022,234,261,,,35.605,140.1055
2,CHB010,False,八日市場,千葉県,35.7077,140.568,244,259,,,35.7044,140.5713
2,CHB012,False,東金,千葉県,35.5727,140.3333,239,262,,,35.5694,140.3366
2,CHB013,False,茂原,千葉県,35.4327,140.2905,237,265,,,35.4294,140.2938
2,CHB014,False,姉崎,千葉県,35.4769,140.0489,233,264,,,35.4736,140.0522
2,CHB015,False,木更津,千葉県,35.3738,139.9159,231,267,,,35.3705,139.9191
2,CHB016,False,岬,千葉県,35.2999,140.3867,239,269,,,35.2966,140.39
2,CHB017,False,市場,千葉県,35.2988,140.0755,233,269,,,35.2955,140.0788
2,CHB019,False,鋸南,千葉県,35.1105,139.8351,228,273,,,35.1072,139.8383
2,CHB020,False,鴨川,千葉県,35.1155,140.1022,234,272,,,35.1122,140.1055
2,CHB021,False,白浜,千葉県,34.9083,139.8979,229,279,,,34.905,139.9011
2,CHB022,False,富津,千葉県,35.3083,139.8598,229,269,,,35.305,139.863
2,CHB024,False,稲毛,千葉県,35.6335,140.0784,232,260,,,35.6303,140.0817
2,CHB025,False,千倉,千葉県,34.9707,139.9459,230,277,,,34.9674,139.9491
2,CHB026,False,長南,千葉県,35.3872,140.237,236,267,,,35.3839,140.2403
2,CHB027,False,勝浦北,千葉県,35.181,140.2655,236,271,,,35.1777,140.2688
2,CHB028,False,市川北,千葉県,35.766,139.9665,232,258,,,35.7628,139.9697
2,CHB029,False,行徳,千葉県,35.6947,139.9176,230,257,,,35.6915,139.9208
2,EHM002,False,新居浜,愛媛県,33.9216,133.3074,95,302,,,33.9183,133.31
2,EHM004,False,今治,愛媛県,34.0624,132.9982,89,299,,,34.0591,133.0008
2,EHM007,False,北条,愛媛県,33.9621,132.7722,84,301,,,33.9588,132.7747
2,EHM008,False,松山,愛媛県,33.8198,132.7282,84,305,,,33.8165,132.7307
2,EHM012,False,宇和島,愛媛県,33.2217,132.5727,80,320,,,33.2183,132.5752
2,EHM015,False,長浜,愛媛県,33.6094,132.4768,78,310,,,33.6061,132.4793
2,FKI001,False,三国,福井県,36.2193,136.1565,153,246,,,36.2162,136.1594
2,FKI003,False,福井,福井県,36.074,136.2687,155,250,,,36.0709,136.2716
2,FKI005,False,武生,福井県,35.9067,136.1743,153,254,,,35.9036,136.1772
2,FKI006,False,今庄,福井県,35.7731,136.1998,154,257,,,35.77,136.2027
2,FKO003,False,北九州,福岡県,33.8324,130.9014,47,305,,,33.8291,130.9038
2,FKO006,False,福岡,福岡県,33.5969,130.3985,36,310,,,33.5936,130.4008
2,FKS001,False,相馬,福島県,37.7949,140.9196,250,206,,,37.7919,140.923
2,FKS003,False,福島,福島県,37.7613,140.4799,241,208,,,37.7583,140.4833
2,FKS004,False,飯舘,福島県,37.6799,140.7346,246,210,,,37.6769,140.738
2,FKS005,False,原町,福島県,37.6385,140.9849,252,211,,,37.6355,140.9883
2,FKS009,False,小野,福島県,37.2778,140.6349,244,219,,,37.2747,140.6383
2,FKS010,False,広野,福島県,37.2342,141.0016,252,221,,,37.2311,141.005
2,FKS012,False,勿来,福島県,36.9069,140.7929,248,229,,,36.9038,140.7963
2,FKS019,False,二本松,福島県,37.603,140.4368,240,212,,,37.6,140.4402
2,FKS020,False,猪苗代,福島県,37.5474,140.1078,234,213,,,37.5444,140.1111
2,FKS021,False,喜多方,福島県,37.6535,139.8633,228,211,,,37.6505,139.8666
2,FKS022,False,西会津,福島県,37.6002,139.6467,224,212,,,37.5972,139.65
2,FKS026,False,南郷,福島県,37.266,139.5386,223,220,,,37.263,139.5419
2,FKS028,False,只見,福島県,37.3037,139.3618,219,220,,,37.3007,139.3651
2,FKS030,False,金山,福島県,37.453,139.5133,222,216,,,37.45,139.5166
2,FKS031,False,川内,福島県,37.3364,140.8132,249,218,,,37.3333,140.8166
2,GIF002,False,河合,岐阜県,36.2734,137.0253,171,245,,,36.2703,137.0283
2,GIF003,False,神岡,岐阜県,36.3322,137.3014,176,243,,,36.3291,137.3044
2,GIF005,False,高山,岐阜県,36.1536,137.2514,177,247,,,36.1505,137.2544
2,GIF006,False,荘川,岐阜県,36.0333,136.9528,170,251,,,36.0302,136.9558
2,GIF007,False,高根,岐阜県,36.0378,137.4861,180,250,,,36.0347,137.4891
2,GIF008,False,小坂,岐阜県,35.9515,137.26,176,253,,,35.9483,137.263
2,GIF009,False,白鳥,岐阜県,35.9219,136.8311,166,253,,,35.9188,136.8341
2,GIF010,False,下呂,岐阜県,35.8029,137.245,174,257,,,35.7997,137.248
2,GIF011,False,八幡,岐阜県,35.7593,136.9808,170,257,,,35.7561,136.9838
2,GIF012,False,東杉原,岐阜県,35.6365,136.4882,160,260,,,35.6333,136.4911
2,GIF013,False,金山,岐阜県,35.6637,137.1617,173,261,,,35.6605,137.1647
2,GIF014,False,付知,岐阜県,35.6576,137.4258,179,260,,,35.6544,137.4288
2,GIF015,False,美濃,岐阜県,35.5454,136.9072,169,262,,,35.5422,136.9102
2,GIF016,False,七宗,岐阜県,35.5424,137.1191,173,263,,,35.5392,137.1221
2,GIF017,False,揖斐川,岐阜県,35.4829,136.5714,161,264,,,35.4797,136.5743
2,GIF018,False,中津川,岐阜県,35.4887,137.5,182,264,,,35.4855,137.503
2,GIF019,False,恵那,岐阜県,35.4495,137.4039,178,265,,,35.4463,137.4069
2,GIF020,False,岐阜,岐阜県,35.4248,136.7568,166,265,,,35.4216,136.7598
2,GIF023,False,土岐,岐阜県,35.3882,137.2158,175,266,,,35.385,137.2188
2,GIF024,False,明智,岐阜県,35.3009,137.387,178,268,,,35.2977,137.39
2,GIF026,False,美山,岐阜県,35.5912,136.7414,166,260,,,35.588,136.7444
2,GNM001,False,片品,群馬県,36.7722,139.2248,216,232,,,36.7691,139.228
2,GNM002,False,水上,群馬県,36.7819,138.9695,211,232,,,36.7788,138.9727
2,GNM003,False,沼田,群馬県,36.6578,139.0784,213,235,,,36.6547,139.0816
2,GNM004,False,草津,群馬県,36.6172,138.5918,203,236,,,36.6141,138.595
2,GNM006,False,吾妻,群馬県,36.5103,138.7523,206,239,,,36.5072,138.7555
2,GNM007,False,渋川,群馬県,36.4637,139.0092,211,240,,,36.4606,139.0124
2,GNM008,False,前橋,群馬県,36.3478,139.1368,214,242,,,36.3447,139.14
2,GNM009,False,桐生,群馬県,36.4106,139.3251,218,241,,,36.4075,139.3283
2,GNM010,False,館林,群馬県,36.2343,139.5331,221,247,,,36.2311,139.5363
2,GNM011,False,太田,群馬県,36.2914,139.3609,219,244,,,36.2883,139.3641
2,GNM013,False,高崎,群馬県,36.3181,139.0176,212,244,,,36.315,139.0208
2,GNM014,False,坂本,群馬県,36.3467,138.7211,205,243,,,36.3436,138.7243
2,GNM015,False,下仁田,群馬県,36.2287,138.7579,206,247,,,36.2255,138.7611
2,HKD001,False,稚内,北海道 宗谷支庁,45.4163,141.672,266,20,,,45.4141,141.6758
2,HKD011,False,東利尻,北海道 宗谷支庁,45.246,141.217,256,24,,,45.2438,141.2208
2,HKD013,False,礼文,北海道 宗谷支庁,45.3049,141.0475,253,23,,,45.3027,141.0513
2,HKD019,False,羽幌,北海道 留萌支庁,44.3611,141.6978,266,46,,,44.3588,141.7016
2,HKD023,False,雄冬,北海道 留萌支庁,43.7735,141.3685,260,60,,,43.7711,141.3722
2,HKD036,False,旭川,北海道 上川支庁,43.7726,142.3648,280,61,,,43.7702,142.3686
2,HKD054,False,北見,北海道 網走支庁,43.7996,143.9008,311,60,,,43.7972,143.9047
2,HKD073,False,根室,北海道 根室支庁,43.3327,145.6003,345,71,,,43.3302,145.6044
2,HKD077,False,釧路,北海道 釧路支庁,42.9845,144.3824,321,80,,,42.9819,144.3863
2,HKD080,False,弟子屈,北海道 釧路支庁,43.5077,144.4485,322,67,,,43.5052,144.4525
2,HKD095,False,帯広,北海道 十勝支庁,42.9311,143.2137,297,81,,,42.9286,143.2175
2,HKD100,False,広尾,北海道 十勝支庁,42.2864,143.312,299,97,,,42.2838,143.3158
2,HKD112,False,えりも岬,北海道 日高支庁,41.937,143.2403,297,106,,,41.9344,143.2441
2,HKD122,False,岩見沢,北海道 空知支庁,43.1968,141.7754,268,75,,,43.1944,141.7791
2,HKD132,False,室蘭,北海道 胆振支庁,42.3483,141.0319,253,96,,,42.3458,141.0355
2,HKD144,False,倶知安,北海道 後志支庁,42.9057,140.7672,247,83,,,42.9033,140.7708
2,HKD155,False,鹿部,北海道 渡島支庁,42.0436,140.8064,248,103,,,42.0411,140.81
2,HKD160,False,函館,北海道 渡島支庁,41.7701,140.7383,247,110,,,41.7675,140.7419
2,HKD171,False,小砂子,北海道 桧山支庁,41.6487,139.9976,231,113,,,41.6461,140.0011
2,HKD173,False,青苗,北海道 桧山支庁,42.0661,139.4515,220,102,,,42.0636,139.455
2,HKD181,False,江別,北海道 石狩支庁,43.1161,141.5462,263,77,,,43.1137,141.5499
2,HRS013,False,広島,広島県,34.3768,132.4505,78,292,,,34.3736,132.453
2,HYG001,False,浜坂,兵庫県,35.6194,134.45,118,260,,,35.6163,134.4527
2,HYG021,False,神戸,兵庫県,34.6898,135.1583,133,283,,,34.6866,135.1611
2,HYG024,False,東浦,兵庫県,34.533,134.9904,130,287,,,34.5297,134.9932
2,HYG025,False,洲本,兵庫県,34.3405,134.9014,128,292,,,34.3372,134.9041
2,HYG026,False,五色,兵庫県,34.4149,134.7925,126,290,,,34.4116,134.7952
2,HYG027,False,南淡,兵庫県,34.2499,134.7292,124,294,,,34.2466,134.7319
2,IBR001,False,大子,茨城県,36.7761,140.3569,239,233,,,36.773,140.3602
2,IBR002,False,高萩,茨城県,36.7061,140.7068,246,234,,,36.703,140.7102
2,IBR003,False,日立,茨城県,36.5915,140.6453,245,237,,,36.5883,140.6486
2,IBR004,False,大宮,茨城県,36.5516,140.4102,241,238,,,36.5485,140.4135
2,IBR005,False,笠間,茨城県,36.3851,140.2372,236,242,,,36.3819,140.2405
2,IBR006,False,水戸,茨城県,36.3665,140.4543,241,242,,,36.3633,140.4576
2,IBR007,False,那珂湊,茨城県,36.3523,140.5955,244,244,,,36.3491,140.5988
2,IBR008,False,下館,茨城県,36.3062,139.9828,231,244,,,36.303,139.9861
2,IBR009,False,古河,茨城県,36.1848,139.7037,225,247,,,36.1816,139.7069
2,IBR010,False,下妻,茨城県,36.1843,139.9653,231,247,,,36.1811,139.9686
2,IBR011,False,つくば,茨城県,36.1251,140.0903,233,248,,,36.1219,140.0936
2,IBR012,False,石岡,茨城県,36.1954,140.2713,237,247,,,36.1922,140.2746
2,IBR013,False,鉾田,茨城県,36.1587,140.4892,241,247,,,36.1555,140.4925
2,IBR015,False,岩井,茨城県,36.0693,139.908,229,250,,,36.0661,139.9113
2,IBR016,False,取手,茨城県,35.9112,140.0494,233,254,,,35.908,140.0527
2,IBR018,False,鹿嶋,茨城県,35.977,140.6322,244,252,,,35.9738,140.6355
2,ISK003,False,輪島,石川県,37.3919,136.9083,169,217,,,37.3889,136.9113
2,ISK005,False,穴水,石川県,37.2307,136.9039,167,221,,,37.2277,136.9069
2,ISK007,False,七尾,石川県,37.0427,136.9681,170,226,,,37.0397,136.9711
2,ISK008,False,羽咋,石川県,36.8918,136.7783,166,229,,,36.8888,136.7813
2,ISK009,False,七塚,石川県,36.7334,136.7025,164,233,,,36.7304,136.7055
2,ISK010,False,金沢,石川県,36.5419,136.6431,163,237,,,36.5388,136.6461
2,ISK011,False,小松,石川県,36.3967,136.4432,159,242,,,36.3936,136.4461
2,ISK014,False,加賀,石川県,36.3028,136.3154,157,244,,,36.2997,136.3183
2,IWT001,False,種市,岩手県,40.4099,141.7191,267,143,,,40.4072,141.7227
2,IWT002,False,久慈,岩手県,40.1819,141.7641,266,149,,,40.1791,141.7677
2,IWT003,False,普代,岩手県,40.0083,141.8861,270,153,,,40.0055,141.8897
2,IWT008,False,大船渡,岩手県,39.0815,141.7083,266,175,,,39.0786,141.7119
2,IWT011,False,水沢,岩手県,39.1454,141.152,255,174,,,39.1425,141.1555
2,IWT013,False,遠野,岩手県,39.3291,141.5637,263,170,,,39.3262,141.5672
2,IWT015,False,川尻,岩手県,39.318,140.7792,248,170,,,39.3152,140.7827
2,IWT017,False,門馬,岩手県,39.6336,141.4376,260,163,,,39.6308,141.4411
2,IWT018,False,盛岡,岩手県,39.6953,141.1478,255,161,,,39.6925,141.1513
2,IWT021,False,西根,岩手県,39.9203,141.082,254,155,,,39.9175,141.0855
2,IWT022,False,安代,岩手県,40.1011,141.0523,253,151,,,40.0983,141.0558
2,KGS006,False,横川,鹿児島県,31.906,130.7021,42,352,,,31.9025,130.7044
2,KGS008,False,蒲生,鹿児島県,31.7621,130.5699,40,354,,,31.7586,130.5722
2,KGS009,False,国分,鹿児島県,31.7368,130.7613,44,356,,,31.7333,130.7636
2,KGS011,False,日吉,鹿児島県,31.5896,130.349,35,360,,,31.5861,130.3513
2,KGS012,False,鹿児島,鹿児島県,31.6057,130.574,40,359,,,31.6022,130.5763
2,KGS013,False,大隅,鹿児島県,31.5973,130.9938,48,358,,,31.5938,130.9961
2,KGS014,False,垂水,鹿児島県,31.496,130.6999,42,362,,,31.4925,130.7022
2,KGS017,False,鹿屋,鹿児島県,31.3954,130.8702,47,365,,,31.3919,130.8725
2,KGS018,False,喜入,鹿児島県,31.3757,130.5449,39,365,,,31.3722,130.5472
2,KGS025,False,西之表,鹿児島県,30.7319,130.9977,48,381,,,30.7283,131
2,KGS027,False,門倉崎,鹿児島県,30.3488,130.8829,46,390,,,30.3452,130.8852
2,KGS029,False,屋久,鹿児島県,30.2363,130.5553,39,393,,,30.2327,130.5575
2,KGS030,False,笠利,鹿児島県,28.451,129.6784,146,88,,,28.4472,129.6805
2,KGS032,False,瀬戸内,鹿児島県,28.1388,129.3206,138,96,,,28.135,129.3227
2,KGS033,False,伊仙,鹿児島県,27.6882,128.9427,130,108,,,27.6844,128.9447
2,KGS034,False,知名,鹿児島県,27.334,128.5743,123,116,,,27.3302,128.5763
2,KGS035,False,与論,鹿児島県,27.0522,128.4241,120,122,,,27.0483,128.4261
2,KGS036,False,上甑,鹿児島県,31.836,129.8678,25,354,,,31.8325,129.87
2,KGS037,False,下甑,鹿児島県,31.639,129.7078,22,358,,,31.6355,129.71
2,KGW001,False,土庄,香川県,34.5452,134.2804,115,287,,,34.542,134.2831
2,KGW004,False,高松,香川県,34.3473,134.0374,110,292,,,34.344,134.0401
2,KGW007,False,引田,香川県,34.213,134.4133,118,295,,,34.2097,134.416
2,KMM006,False,熊本,熊本県,32.7934,130.7772,43,330,,,32.79,130.7795
2,KMM018,False,龍ヶ岳,熊本県,32.3942,130.3885,36,340,,,32.3908,130.3908
2,KMM019,False,本渡,熊本県,32.4548,130.1807,32,338,,,32.4514,130.183
2,KMM021,False,天草,熊本県,32.3793,129.9997,28,340,,,32.3759,130.002
2,KMM022,False,牛深,熊本県,32.1945,130.0265,28,345,,,32.1911,130.0288
2,KNG001,False,川崎,神奈川県,35.5291,139.7062,226,263,,,35.5258,139.7094
2,KNG002,False,横浜,神奈川県,35.4371,139.634,224,265,,,35.4338,139.6372
2,KNG003,False,横須賀,神奈川県,35.2727,139.6579,226,269,,,35.2694,139.6611
2,KNG004,False,三崎,神奈川県,35.1441,139.6218,224,272,,,35.1408,139.625
2,KNG005,False,鎌倉,神奈川県,35.3192,139.5462,222,268,,,35.3159,139.5494
2,KNG006,False,二俣川,神奈川県,35.4544,139.5387,221,266,,,35.4511,139.5419
2,KNG007,False,藤沢,神奈川県,35.3382,139.4926,220,268,,,35.3349,139.4958
2,KNG008,False,相模原,神奈川県,35.5751,139.3265,218,262,,,35.5719,139.3297
2,KNG009,False,厚木,神奈川県,35.4424,139.3618,219,264,,,35.4391,139.365
2,KNG010,False,平塚,神奈川県,35.3339,139.3446,218,268,,,35.3306,139.3478
2,KNG011,False,藤野,神奈川県,35.6154,139.1548,214,262,,,35.6122,139.158
2,KNG012,False,秦野,神奈川県,35.3794,139.2048,216,267,,,35.3761,139.208
2,KNG013,False,小田原,神奈川県,35.2641,139.152,214,269,,,35.2608,139.1552
2,KNG201,False,平塚ST1,房総半島沖,34.5956,139.9183,230,286,,,34.5922,139.9215
2,KNG202,False,平塚ST2,房総半島沖,34.7396,139.8393,228,282,,,34.7363,139.8425
2,KNG203,False,平塚ST3,伊豆大島東方,34.7983,139.6435,224,281,,,34.795,139.6467
2,KNG204,False,平塚ST4,伊豆大島北東,34.8931,139.5711,223,279,,,34.8898,139.5743
2,KNG205,False,平塚ST5,伊豆大島北,34.9413,139.4213,220,277,,,34.938,139.4245
2,KNG206,False,平塚ST6,相模湾,35.0966,139.3778,219,274,,,35.0933,139.381
2,KOC007,False,高知,高知県,33.5611,133.5271,100,311,,,33.5577,133.5297
2,KOC013,False,佐賀,高知県,33.0797,133.1015,91,323,,,33.0763,133.1041
2,KYT001,False,丹後,京都府,35.7406,135.1022,132,257,,,35.7375,135.105
2,KYT008,False,本庄,京都府,35.2612,135.3966,137,269,,,35.258,135.3994
2,KYT009,False,日吉,京都府,35.1637,135.5016,140,272,,,35.1605,135.5044
2,KYT012,False,京都,京都府,34.9962,135.8188,147,275,,,34.993,135.8216
2,KYT014,False,南山城,京都府,34.7732,135.9921,149,280,,,34.77,135.995
2,MIE001,False,藤原,三重県,35.1718,136.4943,160,272,,,35.1686,136.4972
2,MIE002,False,菰野,三重県,35.0279,136.5073,160,274,,,35.0247,136.5102
2,MIE003,False,四日市,三重県,34.9704,136.6357,163,277,,,34.9672,136.6386
2,MIE004,False,亀山,三重県,34.8569,136.4493,159,278,,,34.8536,136.4522
2,MIE005,False,上野,三重県,34.7677,136.1151,152,282,,,34.7644,136.118
2,MIE006,False,津,三重県,34.7178,136.5039,160,283,,,34.7145,136.5068
2,MIE007,False,白山,三重県,34.6435,136.3365,157,285,,,34.6402,136.3394
2,MIE008,False,名張,三重県,34.6285,136.1073,153,285,,,34.6252,136.1102
2,MIE009,False,松阪,三重県,34.5752,136.5296,162,285,,,34.5719,136.5325
2,MIE010,False,伊勢,三重県,34.4908,136.7334,165,288,,,34.4875,136.7363
2,MIE011,False,飯高,三重県,34.4283,136.3329,157,290,,,34.425,136.3358
2,MIE013,False,南島,三重県,34.2777,136.4996,160,294,,,34.2744,136.5025
2,MIE015,False,熊野,三重県,33.8783,136.0822,152,303,,,33.875,136.085
2,MIE016,False,紀和,三重県,33.8764,135.9188,148,303,,,33.873,135.9216
2,MYG001,False,気仙沼,宮城県,38.9015,141.5684,263,181,,,38.8986,141.5719
2,MYG002,False,歌津,宮城県,38.7262,141.5109,262,184,,,38.7233,141.5144
2,MYG003,False,東和,宮城県,38.7348,141.3106,257,185,,,38.7319,141.3141
2,MYG004,False,築館,宮城県,38.7324,141.0271,252,184,,,38.7295,141.0306
2,MYG005,False,鳴子,宮城県,38.7992,140.6507,245,183,,,38.7963,140.6541
2,MYG006,False,古川,宮城県,38.566,140.9767,251,189,,,38.5631,140.9802
2,MYG009,False,大和,宮城県,38.4466,140.8874,250,191,,,38.4436,140.8908
2,MYG010,False,石巻,宮城県,38.4292,141.2818,258,192,,,38.4262,141.2853
2,MYG011,False,牡鹿,宮城県,38.3052,141.5044,262,195,,,38.3022,141.5079
2,MYG013,False,仙台,宮城県,38.2663,140.9293,250,196,,,38.2633,140.9327
2,MYG019,False,鳴子温泉,宮城県,38.7513,140.7226,246,185,,,38.7484,140.726
2,MYZ013,False,宮崎,宮崎県,31.9087,131.4187,57,352,,,31.9052,131.4211
2,MYZ018,False,都井岬,宮崎県,31.3985,131.3052,55,364,,,31.395,131.3075
2,NAR002,False,奈良,奈良県,34.6683,135.8352,147,284,,,34.665,135.838
2,NAR003,False,大和高田,奈良県,34.5169,135.7191,145,288,,,34.5136,135.7219
2,NAR004,False,榛原,奈良県,34.528,135.9512,148,288,,,34.5247,135.954
2,NAR005,False,五條,奈良県,34.3408,135.6883,144,291,,,34.3375,135.6911
2,NAR006,False,川上,奈良県,34.3383,135.9541,149,291,,,34.335,135.9569
2,NAR007,False,大塔,奈良県,34.2213,135.7369,144,294,,,34.218,135.7397
2,NAR008,False,上北山,奈良県,34.1352,136.0046,150,297,,,34.1319,136.0075
2,NAR009,False,十津川,奈良県,33.938,135.7552,145,301,,,33.9347,135.758
2,NGN001,False,飯山,長野県,36.8514,138.366,198,230,,,36.8483,138.3691
2,NGN002,False,信濃,長野県,36.8069,138.2069,195,232,,,36.8038,138.21
2,NGN003,False,山ノ内,長野県,36.7403,138.4129,200,233,,,36.7372,138.4161
2,NGN004,False,長野,長野県,36.6486,138.1938,195,235,,,36.6455,138.1969
2,NGN006,False,大町,長野県,36.5086,137.8507,188,240,,,36.5055,137.8538
2,NGN007,False,杭瀬下,長野県,36.5339,138.1191,194,238,,,36.5308,138.1222
2,NGN008,False,上田,長野県,36.4018,138.2482,196,241,,,36.3987,138.2513
2,NGN009,False,穂高,長野県,36.3378,137.8694,189,243,,,36.3347,137.8725
2,NGN010,False,小諸,長野県,36.3281,138.4357,199,243,,,36.325,138.4388
2,NGN011,False,長門,長野県,36.2564,138.2669,196,247,,,36.2533,138.27
2,NGN012,False,松本,長野県,36.2564,137.9785,189,245,,,36.2533,137.9816
2,NGN013,False,安曇,長野県,36.1833,137.7852,186,247,,,36.1802,137.7883
2,NGN014,False,小海,長野県,36.0956,138.4844,200,250,,,36.0924,138.4875
2,NGN015,False,諏訪,長野県,36.0454,138.1116,193,250,,,36.0422,138.1147
2,NGN017,False,楢川,長野県,35.9748,137.8255,188,253,,,35.9716,137.8286
2,NGN018,False,王滝,長野県,35.8132,137.5295,181,256,,,35.81,137.5325
2,NGN019,False,木曽福島,長野県,35.8562,137.7078,185,254,,,35.853,137.7108
2,NGN020,False,伊那,長野県,35.8282,137.9532,189,257,,,35.825,137.9563
2,NGN021,False,駒ヶ根,長野県,35.7304,137.9341,189,258,,,35.7272,137.9372
2,NGN023,False,大鹿,長野県,35.5787,138.0338,192,262,,,35.5755,138.0369
2,NGN025,False,天龍,長野県,35.2864,137.8571,187,269,,,35.2832,137.8601
2,NGS002,False,松浦,長崎県,33.3444,129.7054,22,317,,,33.3411,129.7077
2,NGS010,False,長崎,長崎県,32.7353,129.8763,26,330,,,32.7319,129.8786
2,NGS012,False,島原,長崎県,32.7884,130.3463,35,330,,,32.785,130.3486
2,NGS016,False,若松,長崎県,32.888,129.0211,8,328,,,32.8847,129.0233
2,NGS017,False,福江,長崎県,32.6658,128.8433,4,333,,,32.6625,128.8455
2,NGS020,False,上対馬,長崎県 対馬支庁,34.6609,129.4594,17,284,,,34.6577,129.4617
2,NGS022,False,国分,長崎県 対馬支庁,34.2029,129.2868,13,295,,,34.1997,129.2891
2,NIG001,False,岩谷口,新潟県,38.2584,138.4337,200,196,,,38.2555,138.4369
2,NIG002,False,両津,新潟県,38.0745,138.4398,200,200,,,38.0716,138.443
2,NIG003,False,佐和田,新潟県,37.9976,138.3226,197,202,,,37.9947,138.3258
2,NIG004,False,小木,新潟県,37.8205,138.2795,197,207,,,37.8175,138.2827
2,NIG005,False,松ヶ崎,新潟県,37.9204,138.4981,201,204,,,37.9175,138.5013
2,NIG006,False,寒川,新潟県,38.4501,139.4961,221,191,,,38.4472,139.4994
2,NIG008,False,中条,新潟県,38.053,139.4055,219,201,,,38.05,139.4088
2,NIG010,False,新潟,新潟県,37.9146,139.0108,211,204,,,37.9116,139.014
2,NIG011,False,新津,新潟県,37.8013,139.1442,213,207,,,37.7983,139.1475
2,NIG013,False,巻,新潟県,37.7638,138.8834,209,208,,,37.7608,138.8866
2,NIG014,False,三条,新潟県,37.641,138.9559,210,211,,,37.638,138.9591
2,NIG016,False,寺泊,新潟県,37.6421,138.7676,206,211,,,37.6391,138.7708
2,NIG018,False,柏崎,新潟県,37.3724,138.5579,202,218,,,37.3694,138.5611
2,NIG019,False,小千谷,新潟県,37.3043,138.8121,207,219,,,37.3013,138.8153
2,NIG020,False,小出,新潟県,37.2332,138.962,210,221,,,37.2302,138.9652
2,NIG023,False,津南,新潟県,37.0147,138.6529,204,226,,,37.0116,138.6561
2,NIG024,False,安塚,新潟県,37.1268,138.444,200,223,,,37.1238,138.4472
2,NIG025,False,直江津,新潟県,37.1607,138.2235,195,223,,,37.1577,138.2266
2,NIG027,False,糸魚川,新潟県,37.0235,137.8624,188,226,,,37.0205,137.8655
2,OIT001,False,国見,大分県,33.6783,131.5936,60,308,,,33.675,131.596
2,OIT010,False,大分,大分県,33.2317,131.5934,60,319,,,33.2284,131.5958
2,OIT011,False,佐賀関,大分県,33.2461,131.8811,66,319,,,33.2427,131.8836
2,OIT018,False,蒲江,大分県,32.7972,131.9251,67,330,,,32.7938,131.9275
2,OKN001,False,国頭,沖縄県,26.7402,128.1736,115,130,,,26.7363,128.1755
2,OKN002,False,名護,沖縄県,26.5916,127.9767,111,135,,,26.5877,127.9786
2,OKN003,False,具志川,沖縄県,26.38,127.8572,109,139,,,26.3761,127.8591
2,OKN004,False,那覇,沖縄県,26.2497,127.6786,105,142,,,26.2458,127.6805
2,OKN005,False,知念,沖縄県,26.1686,127.8267,108,144,,,26.1647,127.8286
2,OKN006,False,久米島,沖縄県,26.3497,126.7479,86,140,,,26.3458,126.7497
2,OKN007,False,狩俣,沖縄県,24.853,125.2964,56,176,,,24.8494,125.2975
2,OKN008,False,城辺,沖縄県,24.7558,125.3864,58,181,,,24.7522,125.3875
2,OKN009,False,新栄,沖縄県,24.3413,124.1526,33,189,,,24.3358,124.1522
2,OKN010,False,伊原間,沖縄県,24.5088,124.282,35,187,,,24.5033,124.2816
2,OKN011,False,上原,沖縄県,24.4324,123.7798,26,187,,,24.4283,123.7813
2,OKY001,False,湯原,岡山県,35.1702,133.7311,105,272,,,35.167,133.7338
2,OKY002,False,加茂,岡山県,35.1787,134.05,110,272,,,35.1755,134.0527
2,OKY003,False,西粟倉,岡山県,35.1737,134.3386,116,271,,,35.1705,134.3413
2,OKY004,False,新見,岡山県,34.9579,133.5018,100,276,,,34.9547,133.5044
2,OKY005,False,落合,岡山県,35.0098,133.7317,105,275,,,35.0066,133.7344
2,OKY006,False,津山,岡山県,35.0684,134.005,109,275,,,35.0652,134.0077
2,OKY011,False,岡山,岡山県,34.654,133.9067,108,284,,,34.6508,133.9094
2,OSK001,False,能勢,大阪府,34.9688,135.396,138,276,,,34.9656,135.3988
2,OSK002,False,高槻,大阪府,34.8573,135.5958,141,279,,,34.8541,135.5986
2,OSK003,False,豊中,大阪府,34.7668,135.4683,138,281,,,34.7636,135.4711
2,OSK004,False,四條畷,大阪府,34.7405,135.6394,142,283,,,34.7372,135.6422
2,OSK006,False,堺,大阪府,34.5894,135.471,139,286,,,34.5861,135.4738
2,OSK008,False,岸和田,大阪府,34.4402,135.3917,137,289,,,34.4369,135.3945
2,OSK009,False,河内長野,大阪府,34.4366,135.5816,141,289,,,34.4333,135.5844
2,SAG007,False,佐賀,佐賀県,33.2627,130.3004,34,319,,,33.2594,130.3027
2,SIG001,False,余呉,滋賀県,35.5398,136.2065,154,263,,,35.5366,136.2094
2,SIG002,False,今津,滋賀県,35.4215,136.0243,151,266,,,35.4183,136.0272
2,SIG003,False,長浜,滋賀県,35.377,136.264,155,267,,,35.3738,136.2669
2,SIG004,False,朽木,滋賀県,35.3476,135.9184,148,267,,,35.3444,135.9213
2,SIG005,False,彦根,滋賀県,35.2493,136.2421,155,270,,,35.2461,136.245
2,SIG007,False,近江八幡,滋賀県,35.1339,136.0957,152,273,,,35.1307,136.0986
2,SIG008,False,永源寺,滋賀県,35.0701,136.2946,155,274,,,35.0669,136.2975
2,SIG010,False,大津,滋賀県,34.9718,135.8965,148,277,,,34.9686,135.8994
2,SIT001,False,本庄,埼玉県,36.2428,139.1937,215,246,,,36.2397,139.1969
2,SIT002,False,熊谷,埼玉県,36.1476,139.3884,220,248,,,36.1444,139.3916
2,SIT003,False,久喜,埼玉県,36.072,139.6968,225,250,,,36.0688,139.7
2,SIT004,False,長瀞,埼玉県,36.1179,139.1045,214,248,,,36.1147,139.1077
2,SIT005,False,小川,埼玉県,36.0562,139.2626,217,251,,,36.053,139.2658
2,SIT006,False,秩父,埼玉県,35.9954,139.0709,212,252,,,35.9922,139.0741
2,SIT007,False,東松山,埼玉県,36.054,139.3912,220,250,,,36.0508,139.3944
2,SIT008,False,春日部,埼玉県,35.9829,139.7456,227,250,,,35.9797,139.7488
2,SIT009,False,川越,埼玉県,35.9034,139.4826,221,254,,,35.9002,139.4858
2,SIT010,False,大宮,埼玉県,35.9065,139.6481,224,254,,,35.9033,139.6513
2,SIT012,False,飯能,埼玉県,35.8401,139.3215,219,256,,,35.8369,139.3247
2,SIT013,False,所沢,埼玉県,35.7965,139.4659,220,256,,,35.7933,139.4691
2,SIT014,False,中津川,埼玉県,35.9954,138.801,207,251,,,35.9922,138.8041
2,SMN002,False,松江,島根県,35.4714,133.0682,90,265,,,35.4683,133.0708
2,SMN006,False,大田,島根県,35.1942,132.4978,79,271,,,35.1911,132.5003
2,SMN013,False,益田,島根県,34.669,131.8458,66,284,,,34.6658,131.8483
2,SMN017,False,西ノ島,島根県,36.0933,132.984,89,249,,,36.0902,132.9866
2,SMN018,False,都万,島根県,36.1925,133.2331,94,247,,,36.1894,133.2358
2,SMN019,False,布施,島根県,36.2932,133.3561,96,244,,,36.2902,133.3588
2,SZO001,False,熱海,静岡県,35.1424,139.0795,213,272,,,35.1391,139.0827
2,SZO002,False,伊東,静岡県,34.9652,139.1031,214,277,,,34.9619,139.1063
2,SZO003,False,東伊豆,静岡県,34.8158,139.0546,212,280,,,34.8125,139.0577
2,SZO004,False,南伊豆,静岡県,34.6469,138.8194,207,286,,,34.6436,138.8225
2,SZO005,False,松崎,静岡県,34.7549,138.7841,206,283,,,34.7516,138.7872
2,SZO006,False,土肥,静岡県,34.9113,138.7941,207,278,,,34.908,138.7972
2,SZO007,False,修善寺,静岡県,34.9771,138.9466,211,276,,,34.9738,138.9497
2,SZO008,False,沼津,静岡県,35.096,138.8657,208,273,,,35.0927,138.8688
2,SZO009,False,裾野,静岡県,35.1971,138.9127,209,271,,,35.1938,138.9158
2,SZO010,False,御殿場,静岡県,35.3134,138.9063,209,268,,,35.3101,138.9094
2,SZO011,False,富士宮,静岡県,35.2128,138.6016,204,271,,,35.2095,138.6047
2,SZO012,False,蒲原,静岡県,35.1271,138.6213,203,273,,,35.1238,138.6244
2,SZO013,False,清水,静岡県,35.041,138.476,201,274,,,35.0377,138.4791
2,SZO014,False,静岡,静岡県,34.9649,138.3735,198,277,,,34.9616,138.3766
2,SZO015,False,梅ヶ島,静岡県,35.2435,138.3407,198,270,,,35.2402,138.3438
2,SZO016,False,焼津,静岡県,34.8566,138.3113,197,279,,,34.8533,138.3144
2,SZO017,False,浜岡,静岡県,34.6374,138.1281,193,285,,,34.6341,138.1311
2,SZO018,False,榛原,静岡県,34.7402,138.2241,195,282,,,34.7369,138.2272
2,SZO019,False,掛川,静岡県,34.7699,137.9981,191,282,,,34.7666,138.0011
2,SZO020,False,川根,静岡県,35.0085,138.1474,194,276,,,35.0052,138.1505
2,SZO021,False,本川根,静岡県,35.0969,138.1332,194,274,,,35.0936,138.1363
2,SZO022,False,佐久間,静岡県,35.0916,137.8136,187,274,,,35.0883,137.8166
2,SZO023,False,天竜,静岡県,34.8738,137.8164,187,279,,,34.8705,137.8194
2,SZO024,False,浜松,静岡県,34.7102,137.7197,185,282,,,34.7069,137.7227
2,SZO025,False,湖西,静岡県,34.7194,137.5314,180,283,,,34.7161,137.5344
2,SZO026,False,春野,静岡県,34.9816,137.8975,189,276,,,34.9783,137.9005
2,SZO027,False,西伊豆,静岡県,34.7903,138.8008,208,281,,,34.787,138.8039
2,TCG001,False,黒磯,栃木県,36.9417,140.0828,233,228,,,36.9386,140.0861
2,TCG002,False,塩原,栃木県,36.99,139.8033,228,227,,,36.9869,139.8066
2,TCG003,False,藤原,栃木県,36.8144,139.7153,226,231,,,36.8113,139.7186
2,TCG004,False,湯元,栃木県,36.8061,139.4204,220,232,,,36.803,139.4236
2,TCG005,False,矢板,栃木県,36.8061,139.9264,230,232,,,36.803,139.9297
2,TCG006,False,小川,栃木県,36.7639,140.1297,233,233,,,36.7608,140.133
2,TCG007,False,宇都宮,栃木県,36.5692,139.8861,229,236,,,36.5661,139.8894
2,TCG008,False,鹿沼,栃木県,36.56,139.7675,227,238,,,36.5569,139.7708
2,TCG009,False,今市,栃木県,36.7258,139.7155,225,234,,,36.7227,139.7188
2,TCG010,False,足尾,栃木県,36.6347,139.4376,220,236,,,36.6316,139.4408
2,TCG011,False,葛生,栃木県,36.3867,139.6145,224,242,,,36.3836,139.6177
2,TCG012,False,小山,栃木県,36.2859,139.8047,228,244,,,36.2827,139.808
2,TCG013,False,真岡,栃木県,36.4368,140.0225,232,241,,,36.4336,140.0258
2,TCG014,False,茂木,栃木県,36.545,140.1742,236,238,,,36.5419,140.1775
2,TCG015,False,芹沼,栃木県,36.7489,139.7144,224,233,,,36.7458,139.7177
2,TKS001,False,鳴門,徳島県,34.203,134.6098,122,295,,,34.1997,134.6125
2,TKS002,False,徳島,徳島県,34.0438,134.582,121,299,,,34.0405,134.5847
2,TKY001,False,氷川,東京都,35.8029,139.0956,213,256,,,35.7997,139.0988
2,TKY002,False,桧原,東京都,35.7304,139.1454,213,258,,,35.7272,139.1486
2,TKY003,False,青梅,東京都,35.7968,139.2912,217,257,,,35.7936,139.2944
2,TKY004,False,八王子,東京都,35.6282,139.4034,219,260,,,35.625,139.4066
2,TKY005,False,町田,東京都,35.5798,139.4137,220,262,,,35.5766,139.4169
2,TKY006,False,小金井,東京都,35.699,139.5029,221,258,,,35.6958,139.5061
2,TKY007,False,新宿,東京都,35.7107,139.6859,225,258,,,35.7075,139.6891
2,TKY008,False,岡田,東京都 大島支庁,34.7852,139.3909,219,281,,,34.7819,139.3941
2,TKY009,False,波浮港,東京都 大島支庁,34.6874,139.4412,220,284,,,34.6841,139.4444
2,TKY010,False,新島,東京都 大島支庁,34.3779,139.2573,216,291,,,34.3745,139.2605
2,TKY012,False,八丈,東京都 八丈支庁,33.1194,139.7987,227,322,,,33.1158,139.8019
2,TKY014,False,亀戸,東京都,35.689,139.8354,227,259,,,35.6858,139.8386
2,TKY024,False,奥戸,東京都,35.7401,139.8624,226,256,,,35.7369,139.8656
2,TKY028,False,越中島,東京都,35.6685,139.7893,226,260,,,35.6653,139.7925
2,TKY029,False,三宅,東京都 三宅支庁,34.0745,139.4793,221,298,,,34.0711,139.4825
2,TTR002,False,鳥取,鳥取県,35.4853,134.2198,114,264,,,35.4822,134.2225
2,TTR004,False,鹿野,鳥取県,35.4606,134.0548,111,265,,,35.4574,134.0575
2,TTR008,False,米子,鳥取県,35.4258,133.3301,96,265,,,35.4227,133.3327
2,TYM001,False,境,富山県,36.976,137.6257,183,227,,,36.973,137.6288
2,TYM002,False,氷見,富山県,36.866,136.9747,172,229,,,36.863,136.9777
2,TYM005,False,新湊,富山県,36.7611,137.0931,173,231,,,36.7581,137.0961
2,TYM007,False,富山,富山県,36.6687,137.2123,175,235,,,36.6656,137.2153
2,WKY001,False,和歌山,和歌山県,34.2288,135.1694,133,295,,,34.2255,135.1722
2,WKY003,False,有田,和歌山県,34.0996,135.116,132,298,,,34.0963,135.1188
2,YMG005,False,豊北,山口県,34.2904,130.9484,47,293,,,34.2872,130.9508
2,YMG008,False,山口,山口県,34.0121,131.4042,57,300,,,34.0088,131.4066
2,YMG018,False,東和,山口県,33.9091,132.3561,76,304,,,33.9058,132.3586
2,YMN001,False,丹波山,山梨県,35.7895,138.9198,210,257,,,35.7863,138.923
2,YMN002,False,大月,山梨県,35.6132,138.947,209,261,,,35.61,138.9502
2,YMN003,False,富士吉田,山梨県,35.4648,138.813,207,264,,,35.4616,138.8161
2,YMN005,False,甲府,山梨県,35.6548,138.5677,202,260,,,35.6516,138.5708
2,YMN006,False,本栖,山梨県,35.4684,138.6069,203,265,,,35.4652,138.61
2,YMN007,False,南部,山梨県,35.2791,138.4649,200,269,,,35.2758,138.468
2,YMN009,False,六郷,山梨県,35.4965,138.4627,200,265,,,35.4933,138.4658
2,YMN010,False,須玉,山梨県,35.7918,138.4096,199,256,,,35.7886,138.4127
2,YMN011,False,芦安,山梨県,35.6382,138.3835,199,259,,,35.635,138.3866
2,YMT001,False,酒田,山形県,38.914,139.8127,228,180,,,38.9111,139.8161
2,YMT002,False,新庄,山形県,38.7679,140.2957,238,182,,,38.765,140.2991
2,YMT004,False,温海,山形県,38.6276,139.5889,223,187,,,38.6247,139.5922
2,YMT010,False,山形,山形県,38.2604,140.3488,239,196,,,38.2575,140.3522
2,YMT012,False,長井,山形県,38.1074,140.0428,232,200,,,38.1044,140.0461
2,YMT013,False,小国,山形県,38.0621,139.7575,226,199,,,38.0591,139.7608
2,YMT014,False,下屋地,山形県,37.9207,139.8697,228,204,,,37.9177,139.873
2,YMT016,False,清川,山形県,38.7895,140.0185,232,182,,,38.7866,140.0219
