ABSH01,雄武,北海道,44.5276,142.8444,289,42
ABSH02,興部西,北海道,44.4234,143.0264,293,45
ABSH03,興部東,北海道,44.3843,143.2407,297,46
ABSH04,滝上北,北海道,44.192,143.0767,294,50
ABSH05,滝上南,北海道,44.1146,143.0111,293,52
ABSH06,湧別北,北海道,44.2146,143.6202,305,50
ABSH07,白滝,北海道,43.8494,143.0861,294,59
ABSH08,斜里北,北海道,44.064,144.9935,333,53
ABSH09,斜里南,北海道,43.9269,144.8071,329,57
ABSH10,佐呂間,北海道,44.0813,143.9455,312,53
ABSH11,女満別,北海道,43.9144,144.1913,317,57
ABSH12,小清水,北海道,43.8566,144.4574,322,58
ABSH13,留辺蘂,北海道,43.7419,143.4514,302,61
ABSH14,美幌,北海道,43.7228,144.1835,317,62
ABSH15,置戸東,北海道,43.6352,143.51,303,64
AICH04,安城,愛知県,34.9319,137.0568,172,277
AICH06,渥美,愛知県,34.6158,137.0419,171,285
AICH07,旭,愛知県,35.2194,137.4039,179,270
AICH08,額田,愛知県,34.9189,137.2993,177,278
AICH09,豊橋,愛知県,34.6643,137.3902,178,284
AICH10,鳳来,愛知県,35.0002,137.6243,183,276
AICH11,春日井,愛知県,35.3059,137.057,172,268
AICH12,幡豆,愛知県,34.7884,137.1057,173,281
AICH13,清洲,愛知県,35.2177,136.8509,167,270
AICH14,長久手,愛知県,35.1842,137.0474,171,271
AICH15,足助,愛知県,35.1392,137.3359,177,272
AICH16,設楽,愛知県,35.1543,137.535,181,271
AICH17,豊根,愛知県,35.184,137.7268,185,271
AICH18,岡崎,愛知県,34.9635,137.2377,175,277
AICH19,作手,愛知県,34.9512,137.4114,179,278
AICH20,新城,愛知県,34.8976,137.4876,182,278
AICH21,南知多,愛知県,34.7401,136.9385,169,282
AICH23,常滑2,愛知県,34.8806,136.8316,167,279
AKTH01,西木北,秋田県,39.8147,140.579,243,158
AKTH02,西木南,秋田県,39.6634,140.5721,243,161
AKTH03,矢島,秋田県,39.2223,140.1283,234,172
AKTH04,東成瀬,秋田県,39.174,140.7129,246,173
AKTH05,鳥海,秋田県,39.0718,140.3185,238,176
AKTH06,雄勝,秋田県,38.9801,140.4952,242,178
AKTH07,小坂,秋田県,40.4563,140.8395,249,142
AKTH08,藤里,秋田県,40.3188,140.2341,236,144
AKTH09,田代,秋田県,40.2755,140.4596,241,146
AKTH10,大館,秋田県,40.3002,140.5812,243,146
AKTH11,男鹿,秋田県,39.9554,139.7623,227,154
AKTH12,五城目,秋田県,39.9155,140.2221,236,155
AKTH13,阿仁,秋田県,39.9819,140.4072,240,154
AKTH14,鹿角,秋田県,40.0622,140.8084,248,152
AKTH15,協和,秋田県,39.6884,140.4075,240,161
AKTH16,西仙北,秋田県,39.545,140.3481,239,164
AKTH17,中仙,秋田県,39.5575,140.6116,244,164
AKTH18,大森,秋田県,39.3548,140.3869,239,169
AKTH19,湯沢,秋田県,39.1913,140.471,241,173
AOMH01,大間,青森県,41.5273,140.9127,250,116
AOMH02,佐井,青森県,41.4049,140.8567,249,119
AOMH03,川内,青森県,41.234,140.9896,252,123
AOMH04,青森,青森県,40.8524,140.6759,245,132
AOMH05,野辺地,青森県,40.8564,141.1033,254,132
AOMH06,六ヶ所,青森県,40.9664,141.3738,259,129
AOMH07,深浦,青森県,40.7451,140.0233,232,135
AOMH08,鰺ヶ沢,青森県,40.7618,140.3121,238,134
AOMH09,岩木,青森県,40.6199,140.3499,239,138
AOMH10,黒石,青森県,40.6091,140.6646,245,138
AOMH11,十和田湖西,青森県,40.58,140.995,252,139
AOMH12,十和田湖東,青森県,40.5846,141.1547,255,139
AOMH13,八戸,青森県,40.5794,141.4451,261,139
AOMH14,西目屋,青森県,40.5488,140.2726,237,140
AOMH15,大鰐,青森県,40.4841,140.5565,243,141
AOMH16,新郷,青森県,40.4624,141.0923,254,142
AOMH17,名川,青森県,40.4492,141.3374,259,142
AOMH18,田子,青森県,40.2962,141.0145,252,146
CHBH04,下総,千葉県,35.7966,140.0206,232,256
CHBH06,匝瑳,千葉県,35.7215,140.5046,242,258
CHBH10,千葉,千葉県,35.5458,140.2417,236,262
CHBH11,養老,千葉県,35.2867,140.1529,236,269
CHBH12,富津,千葉県,35.3445,139.8554,229,267
CHBH13,成田,千葉県,35.8307,140.298,238,255
CHBH14,銚子中,千葉県,35.7342,140.823,248,258
CHBH15,館山西,千葉県,34.9591,139.7885,227,277
CHBH16,鴨川,千葉県,35.1384,139.9649,231,272
CHBH17,勝浦東,千葉県,35.1714,140.3398,238,272
CHBH19,蓮沼,千葉県,35.5943,140.5107,242,261
CHBH20,鴨川南,千葉県,35.0882,140.0997,233,274
EHMH01,津島,愛媛県,33.0556,132.5552,80,324
EHMH02,西条,愛媛県,33.865,133.184,93,304
EHMH03,新宮,愛媛県,33.9154,133.6497,102,302
EHMH04,丹原,愛媛県,33.9023,133.0658,90,303
EHMH05,砥部,愛媛県,33.7112,132.8032,85,307
EHMH06,日吉,愛媛県,33.3348,132.798,85,317
EHMH07,河辺,愛媛県,33.5022,132.748,84,313
EHMH08,柳谷,愛媛県,33.5388,133.0016,89,312
EHMH09,伊方,愛媛県,33.4719,132.3072,75,313
EHMH10,宮窪,愛媛県,34.1918,133.0581,90,296
EHMH11,大洲,愛媛県,33.5807,132.6011,81,311
EHMH12,宇和,愛媛県,33.427,132.5055,79,314
EHMH13,三崎,愛媛県,33.3719,132.1157,71,316
FKIH01,永平寺,福井県,36.0955,136.3617,157,249
FKIH02,織田,福井県,35.9483,136.0556,151,253
FKIH03,和泉,福井県,35.9415,136.699,164,253
FKIH04,三方,福井県,35.5587,135.8694,147,262
FKIH05,敦賀,福井県,35.639,136.0303,151,260
FKIH06,高浜,福井県,35.4907,135.4841,140,264
FKIH07,小浜,福井県,35.4573,135.7266,145,265
FKOH01,北九州,福岡県,33.8849,130.9798,48,303
FKOH02,若宮,福岡県,33.6963,130.5963,40,308
FKOH03,宇美,福岡県,33.5608,130.5499,39,311
FKOH04,嘉穂,福岡県,33.5512,130.7451,43,311
FKOH05,犀川,福岡県,33.5293,130.9503,47,312
FKOH06,豊前,福岡県,33.5925,131.1348,51,310
FKOH07,大刀洗,福岡県,33.3678,130.6354,41,316
FKOH08,小石原,福岡県,33.4654,130.8285,45,313
FKOH09,玄海,福岡県,33.8501,130.5432,39,304
FKOH10,浮羽,福岡県,33.2891,130.817,45,318
FKSH01,西会津,福島県,37.7565,139.715,226,208
FKSH02,熱塩加納,福島県,37.7317,139.8821,229,209
FKSH03,高郷,福島県,37.6078,139.7533,226,212
FKSH04,会津高田,福島県,37.4508,139.8126,228,216
FKSH05,下郷,福島県,37.2544,139.8725,229,220
FKSH06,伊南,福島県,37.1723,139.5199,222,222
FKSH07,檜枝岐,福島県,37.0103,139.3755,219,226
FKSH08,長沼,福島県,37.2822,140.2144,236,220
FKSH09,郡山,福島県,37.353,140.4264,240,218
FKSH10,西郷,福島県,37.1616,140.093,233,223
FKSH11,矢吹,福島県,37.2006,140.3386,238,222
FKSH12,平田,福島県,37.2169,140.5703,243,221
FKSH13,いわき西,福島県,36.9951,140.5853,243,227
FKSH14,いわき東,福島県,37.0264,140.9702,251,226
FKSH15,猪苗代,福島県,37.6461,140.1735,235,211
FKSH16,福島,福島県,37.7643,140.3766,239,208
FKSH17,川俣,福島県,37.6636,140.5974,244,210
FKSH18,三春,福島県,37.4894,140.538,242,215
FKSH19,都路,福島県,37.4703,140.7227,246,215
FKSH20,浪江,福島県,37.4911,140.9871,252,215
FKSH21,只見,福島県,37.3421,139.3147,218,218
GIFH03,根尾,岐阜県,35.6325,136.6134,163,260
GIFH04,古川,岐阜県,36.2448,137.1983,174,245
GIFH05,荘川,岐阜県,36.0654,136.9479,170,249
GIFH06,高富,岐阜県,35.5038,136.7939,166,263
GIFH07,春日,岐阜県,35.4179,136.4347,159,266
GIFH08,大和,岐阜県,35.8323,136.9621,170,255
GIFH09,羽島,岐阜県,35.2768,136.7002,164,269
GIFH10,神岡,岐阜県,36.3779,137.3716,178,242
GIFH11,八百津,岐阜県,35.4865,137.2464,175,264
GIFH12,坂内,岐阜県,35.6033,136.4134,158,261
GIFH13,白川,岐阜県,36.2743,136.8979,168,245
GIFH14,上宝,岐阜県,36.2493,137.5174,181,245
GIFH15,高山,岐阜県,36.1338,137.2208,175,248
GIFH16,朝日北,岐阜県,36.094,137.3438,178,248
GIFH17,高鷲,岐阜県,35.9514,136.8732,168,252
GIFH18,馬瀬,岐阜県,35.8991,137.1495,173,254
GIFH19,朝日南,岐阜県,36.0216,137.3906,178,251
GIFH20,下呂北,岐阜県,35.7991,137.2531,177,257
GIFH21,美並,岐阜県,35.6665,136.9618,170,259
GIFH22,金山,岐阜県,35.6682,137.1054,173,259
GIFH23,板取,岐阜県,35.7235,136.7847,166,258
GIFH24,東白川,岐阜県,35.6401,137.3187,176,260
GIFH25,谷汲,岐阜県,35.5214,136.6127,163,263
GIFH26,各務原,岐阜県,35.4121,136.8764,168,266
GIFH27,美濃加茂,岐阜県,35.4527,137.004,170,265
GIFH28,中津川,岐阜県,35.4571,137.4706,181,266
GIFH29,上石津,岐阜県,35.2953,136.4732,160,269
GNMH05,伊勢崎,群馬県,36.3143,139.1847,216,244
GNMH06,館林,群馬県,36.2441,139.5443,222,245
GNMH07,利根,群馬県,36.6998,139.2104,215,234
GNMH08,嬬恋,群馬県,36.4917,138.5244,201,239
GNMH09,高山,群馬県,36.6212,138.9068,209,236
GNMH10,下仁田,群馬県,36.2356,138.7291,207,244
GNMH11,富岡,群馬県,36.2862,138.921,209,244
GNMH12,神流,群馬県,36.144,138.9129,208,247
GNMH13,水上2,群馬県,36.862,139.0627,212,230
GNMH14,みどり,群馬県,36.4931,139.3219,218,239
HDKH01,平取西,北海道,42.7031,142.2296,277,87
HDKH02,平取東,北海道,42.7061,142.4054,280,87
HDKH03,門別東,北海道,42.5934,142.3521,279,89
HDKH04,門別西,北海道,42.5126,142.0381,273,91
HDKH05,新冠,北海道,42.5977,142.5446,283,89
HDKH06,静内,北海道,42.3498,142.3572,279,95
HDKH07,様似,北海道,42.133,142.9164,291,101
HRSH01,三原,広島県,34.3736,133.0236,90,291
HRSH02,大和,広島県,34.5482,132.948,88,287
HRSH03,御調,広島県,34.5183,133.1375,92,288
HRSH04,沼隈,広島県,34.3785,133.3493,96,291
HRSH05,神辺,広島県,34.5566,133.4179,98,287
HRSH06,口和,広島県,34.9137,132.9123,87,278
HRSH07,呉,広島県,34.2883,132.6411,82,293
HRSH08,佐伯,広島県,34.3935,132.1611,72,291
HRSH09,吉舎,広島県,34.7016,132.9524,88,283
HRSH10,芸北,広島県,34.7471,132.3794,76,282
HRSH11,神石,広島県,34.8225,133.1674,92,280
HRSH12,広島,広島県,34.581,132.4295,77,286
HRSH13,広島南,広島県,34.4122,132.3907,77,290
HRSH14,沖美,広島県,34.209,132.4063,77,295
HRSH15,倉橋,広島県,34.1161,132.5053,79,297
HRSH16,吉田,広島県,34.6629,132.6689,82,284
HRSH17,戸河内,広島県,34.5716,132.2326,73,286
HRSH18,東広島,広島県,34.4572,132.7923,85,289
HYGH01,三原,兵庫県,34.2937,134.7941,126,293
HYGH02,南光,兵庫県,35.0671,134.4234,118,274
HYGH03,波賀,兵庫県,35.2193,134.5237,120,270
HYGH04,篠山,兵庫県,35.0708,135.2811,135,274
HYGH05,上郡,兵庫県,34.8995,134.3284,116,278
HYGH06,相生,兵庫県,34.7935,134.4792,119,281
HYGH07,夢前,兵庫県,35.0322,134.6701,123,275
HYGH08,加美,兵庫県,35.101,134.9036,128,273
HYGH09,東条,兵庫県,34.9082,135.0844,131,278
HYGH10,加古川,兵庫県,34.8164,134.8078,126,280
HYGH11,山東,兵庫県,35.2925,134.9071,128,269
HYGH12,新宮,兵庫県,34.9313,134.5423,120,277
HYGH13,香住,兵庫県,35.6208,134.6566,123,261
HYGH14,出石,兵庫県,35.4574,134.8621,127,265
HYGH15,村岡,兵庫県,35.4697,134.5953,121,264
HYMH01,北檜山,北海道,42.4851,139.9678,231,92
HYMH02,厚沢部,北海道,41.9856,140.3087,238,104
HYMH03,熊石,北海道,42.1344,140.004,232,101
IBRH06,北茨城2,茨城県,36.8809,140.6545,245,230
IBRH07,江戸崎,茨城県,35.9521,140.3301,238,252
IBRH08,大洋,茨城県,36.1188,140.5621,243,248
IBRH09,常北,茨城県,36.439,140.3559,239,240
IBRH10,石下,茨城県,36.1112,139.9889,231,249
IBRH11,岩瀬,茨城県,36.3701,140.1401,234,242
IBRH12,大子,茨城県,36.8369,140.3181,238,230
IBRH13,高萩,茨城県,36.7955,140.575,243,232
IBRH14,十王,茨城県,36.6922,140.5484,243,234
IBRH15,御前山,茨城県,36.5566,140.3013,238,238
IBRH16,山方,茨城県,36.6405,140.3976,240,236
IBRH17,霞ヶ浦,茨城県,36.0864,140.314,238,249
IBRH18,ひたちなか,茨城県,36.3631,140.6198,244,241
IBRH19,つくば,茨城県,36.2137,140.0893,233,246
IBRH20,波崎2,茨城県,35.8284,140.7323,246,255
IBRH21,つくば南,茨城県,35.9814,140.105,235,250
IBUH01,追分,北海道,42.8739,141.8191,268,83
IBUH02,穂別,北海道,42.8714,142.1285,275,83
IBUH03,厚真,北海道,42.6486,141.8641,269,88
IBUH04,豊浦,北海道,42.6415,140.665,245,88
IBUH05,白老,北海道,42.5629,141.3497,259,90
IBUH06,室蘭,北海道,42.4116,141.0017,252,94
IBUH07,大滝,北海道,42.6476,141.0643,253,88
IKRH01,当別,北海道,43.4087,141.5836,264,69
IKRH02,新篠津,北海道,43.2204,141.6523,265,74
IKRH03,千歳,北海道,42.888,141.6399,265,82
ISKH01,珠洲,石川県,37.5266,137.2844,176,214
ISKH02,柳田,石川県,37.3644,137.0413,171,218
ISKH03,内浦,石川県,37.3458,137.2436,175,218
ISKH04,富来,石川県,37.1902,136.7176,165,222
ISKH05,穴水,石川県,37.2224,136.9689,170,221
ISKH06,志賀,石川県,37.0533,136.8206,167,225
ISKH07,金沢,石川県,36.515,136.6357,163,239
ISKH08,津幡,石川県,36.738,136.7906,166,233
ISKH09,尾口,石川県,36.2667,136.7168,165,245
IWTH01,二戸東,岩手県,40.2383,141.3423,259,147
IWTH02,玉山,岩手県,39.825,141.3826,260,157
IWTH03,岩泉,岩手県,39.802,141.652,265,158
IWTH04,住田,岩手県,39.1809,141.3909,260,173
IWTH05,藤沢,岩手県,38.8654,141.3512,259,181
IWTH06,二戸西,岩手県,40.2611,141.1709,255,147
IWTH07,軽米,岩手県,40.2705,141.5709,263,146
IWTH08,久慈北,岩手県,40.2686,141.7831,268,147
IWTH09,久慈南,岩手県,40.0861,141.712,266,151
IWTH10,安代,岩手県,40.1391,140.9529,251,150
IWTH11,一戸,岩手県,40.0811,141.1915,256,151
IWTH12,九戸,岩手県,40.1533,141.4245,260,149
IWTH13,葛巻,岩手県,39.9398,141.5492,263,155
IWTH14,田老,岩手県,39.7435,141.9087,270,159
IWTH15,矢巾,岩手県,39.6148,141.0929,254,163
IWTH16,雫石,岩手県,39.6436,140.9465,251,162
IWTH17,川井北,岩手県,39.6442,141.5977,264,162
IWTH18,川井南,岩手県,39.463,141.6775,266,166
IWTH19,花巻北,岩手県,39.4559,141.0001,252,166
IWTH20,花巻南,岩手県,39.3434,141.0473,253,169
IWTH21,山田,岩手県,39.4734,141.9336,271,166
IWTH22,東和,岩手県,39.334,141.3015,258,169
IWTH23,釜石,岩手県,39.2741,141.8233,269,171
IWTH24,金ヶ崎,岩手県,39.1979,141.0118,252,173
IWTH26,一関東,岩手県,38.969,141.0013,252,178
IWTH27,陸前高田,岩手県,39.0307,141.532,263,177
IWTH28,一関西2,岩手県,39.0094,140.864,249,177
KGSH01,長島,鹿児島県,32.1554,130.1191,30,347
KGSH02,阿久根,鹿児島県,31.994,130.2077,32,350
KGSH03,宮之城,鹿児島県,31.9812,130.4438,37,350
KGSH04,川内,鹿児島県,31.8374,130.3602,35,353
KGSH05,祁答院,鹿児島県,31.8699,130.4958,38,353
KGSH06,郡山,鹿児島県,31.6988,130.4594,37,357
KGSH07,姶良,鹿児島県,31.714,130.6149,40,356
KGSH08,大隅,鹿児島県,31.5618,130.9969,48,360
KGSH09,知覧,鹿児島県,31.3741,130.4333,37,365
KGSH10,山川,鹿児島県,31.2066,130.6183,41,369
KGSH11,佐多,鹿児島県,31.0899,130.699,42,372
KGSH12,内之浦,鹿児島県,31.2583,131.0877,50,368
KGSH13,鹿屋,鹿児島県,31.4005,130.8541,44,364
KGWH01,綾上,香川県,34.2186,133.9493,108,295
KGWH02,三野,香川県,34.198,133.7081,103,295
KGWH03,三木,香川県,34.27,134.1482,112,294
KGWH04,大内,香川県,34.2264,134.3043,116,295
KGWH05,内海,香川県,34.4572,134.3241,116,289
KKWH01,美深北,北海道,44.5973,142.3036,278,40
KKWH02,美深東,北海道,44.5509,142.5736,284,41
KKWH03,美深西,北海道,44.4732,142.2725,278,43
KKWH04,名寄,北海道,44.4376,142.4056,280,44
KKWH05,下川西,北海道,44.2921,142.6303,285,48
KKWH06,下川東,北海道,44.3207,142.7656,288,47
KKWH07,富良野,北海道,43.3697,142.3409,279,70
KKWH08,占冠,北海道,43.0406,142.6562,285,78
KKWH09,音威子府,北海道,44.7745,142.2542,277,36
KKWH10,中川,北海道,44.6617,142.0528,273,39
KKWH11,和寒,北海道,43.9754,142.2834,278,56
KKWH12,美瑛東,北海道,43.5038,142.6006,284,67
KKWH13,美瑛西,北海道,43.5113,142.3906,280,67
KKWH14,中富良野,北海道,43.3841,142.5245,283,70
KKWH15,上川,北海道,43.8546,142.7656,288,59
KMMH01,鹿北,熊本県,33.1089,130.6949,42,322
KMMH02,小国,熊本県,33.122,131.0629,50,322
KMMH03,菊池,熊本県,32.9984,130.8301,45,325
KMMH05,波野,熊本県,32.9553,131.2207,53,326
KMMH06,白水,熊本県,32.8114,131.101,50,330
KMMH07,三角,熊本県,32.6234,130.5584,39,334
KMMH08,矢部,熊本県,32.6501,131.0251,49,333
KMMH09,泉,熊本県,32.4901,130.9046,46,337
KMMH10,新和,熊本県,32.3151,130.1811,32,342
KMMH11,芦北,熊本県,32.2918,130.5777,40,342
KMMH12,人吉,熊本県,32.2054,130.7371,43,344
KMMH13,上,熊本県,32.2209,130.9096,46,344
KMMH14,豊野,熊本県,32.6345,130.7521,43,334
KMMH15,水俣,熊本県,32.1704,130.3647,35,345
KMMH16,益城,熊本県,32.7967,130.8199,45,330
KMMH17,玉名,熊本県,32.9873,130.5608,39,325
KMMH18,阿蘇2,熊本県,33.0031,131.0071,48,325
KNGH10,横浜,神奈川県,35.4991,139.5195,222,264
KNGH11,厚木,神奈川県,35.404,139.3539,218,266
KNGH18,藤野,神奈川県,35.6437,139.1283,214,261
KNGH19,山北中,神奈川県,35.4173,139.0436,211,266
KNGH20,松田,神奈川県,35.3663,139.126,213,266
KNGH21,清川,神奈川県,35.4628,139.2146,215,264
KNGH22,山北南,神奈川県,35.3583,139.091,212,268
KNGH23,葉山,神奈川県,35.2624,139.611,223,270
KOCH01,北川,高知県,33.5421,134.1197,112,312
KOCH02,吾北,高知県,33.7079,133.3641,96,308
KOCH03,大正,高知県,33.2683,132.9891,89,318
KOCH04,大月,高知県,32.8414,132.7066,83,329
KOCH05,池川,高知県,33.6472,133.1444,92,309
KOCH06,中村,高知県,33.0754,132.9524,88,323
KOCH07,須崎,高知県,33.392,133.2866,95,315
KOCH08,土佐清水,高知県,32.7797,132.9718,88,330
KOCH09,香北,高知県,33.6748,133.8243,106,308
KOCH10,伊野,高知県,33.5313,133.4388,98,312
KOCH11,室戸,高知県,33.2866,134.1603,113,318
KOCH12,芸西,高知県,33.5294,133.8192,106,312
KOCH13,本山,高知県,33.7543,133.576,101,306
KSRH01,阿寒北,北海道,43.4361,144.0844,315,69
KSRH02,阿寒南,北海道,43.1142,144.123,315,77
KSRH03,標茶北,北海道,43.3848,144.6279,326,70
KSRH04,標茶南,北海道,43.2139,144.6804,327,74
KSRH05,鶴居西,北海道,43.2556,144.2338,318,73
KSRH06,鶴居東,北海道,43.22,144.4285,322,74
KSRH07,鶴居南,北海道,43.1359,144.3274,320,76
KSRH08,白糠北,北海道,43.1603,143.8936,311,76
KSRH09,白糠南,北海道,42.9856,143.9841,313,80
KSRH10,浜中,北海道,43.2084,145.1168,336,74
KYTH01,野田川,京都府,35.5243,135.1243,132,263
KYTH02,伊根,京都府,35.7101,135.2496,135,258
KYTH03,福知山,京都府,35.313,135.1334,132,268
KYTH04,美山,京都府,35.2685,135.5508,141,269
KYTH05,網野,京都府,35.6814,135.0268,130,259
KYTH06,亀岡,京都府,35.0469,135.4846,140,275
KYTH07,久御山,京都府,34.8983,135.7461,145,278
KYTH08,京都,京都府,35.0094,135.7304,145,276
MIEH01,四日市,三重県,34.9849,136.4563,159,276
MIEH02,大山田,三重県,34.7662,136.2835,156,282
MIEH03,嬉野,三重県,34.547,136.3692,157,287
MIEH04,度会,三重県,34.3532,136.5866,162,292
MIEH05,尾鷲,三重県,34.0637,136.1689,154,299
MIEH06,宮川,三重県,34.358,136.3293,157,292
MIEH07,志摩,三重県,34.2544,136.8216,167,294
MIEH08,松阪,三重県,34.5424,136.5033,160,287
MIEH09,紀宝,三重県,33.7644,135.9969,150,306
MIEH10,芸濃,三重県,34.8224,136.4245,159,280
MYGH02,鳴子,宮城県,38.8587,140.6513,245,181
MYGH03,唐桑,宮城県,38.9207,141.6377,265,180
MYGH04,東和,宮城県,38.786,141.3254,258,183
MYGH05,小野田,宮城県,38.5793,140.7804,247,188
MYGH06,田尻,宮城県,38.5907,141.071,253,188
MYGH07,川崎,宮城県,38.1802,140.6405,244,198
MYGH08,岩沼,宮城県,38.1133,140.8441,249,199
MYGH09,白石,宮城県,38.0091,140.6027,244,202
MYGH10,山元,宮城県,37.9411,140.8924,250,204
MYGH11,河北,宮城県,38.5158,141.3421,259,190
MYGH13,南三陸,宮城県,38.6993,141.4176,260,185
MYGH14,利府,宮城県,38.34,140.9551,251,194
MYZH01,五ヶ瀬,宮崎県,32.6536,131.2257,53,333
MYZH02,北川,宮崎県,32.6972,131.6829,62,332
MYZH03,椎葉,宮崎県,32.4754,131.1043,50,338
MYZH04,諸塚,宮崎県,32.5181,131.3349,55,337
MYZH05,南郷,宮崎県,32.347,131.2668,54,341
MYZH06,東郷,宮崎県,32.3607,131.4643,58,341
MYZH07,西米良,宮崎県,32.1987,131.1946,52,345
MYZH08,川南,宮崎県,32.2132,131.5309,59,344
MYZH09,須木,宮崎県,32.0421,131.0618,50,348
MYZH10,国富,宮崎県,32.0215,131.29,54,349
MYZH11,佐土原,宮崎県,32.0208,131.47,58,349
MYZH12,都城北,宮崎県,31.8643,130.9454,47,353
MYZH13,都城南,宮崎県,31.7301,131.0791,50,356
MYZH14,日南,宮崎県,31.5649,131.351,55,360
MYZH15,日向,宮崎県,32.3654,131.5893,60,340
MYZH16,延岡,宮崎県,32.506,131.6958,62,337
NARH01,十津川西,奈良県,33.9666,135.6489,143,301
NARH02,十津川東,奈良県,33.9692,135.8574,147,301
NARH03,川上,奈良県,34.2925,136.0022,150,293
NARH04,黒滝,奈良県,34.3061,135.8369,147,293
NARH05,東吉野,奈良県,34.4237,136.0294,151,290
NARH06,山添,奈良県,34.6413,136.0512,150,285
NARH07,天理,奈良県,34.5843,135.8541,147,286
NGNH03,阿智2,長野県,35.4786,137.7346,185,264
NGNH07,中野,長野県,36.7434,138.376,197,233
NGNH08,三郷,長野県,36.2541,137.8591,187,245
NGNH09,武石,長野県,36.2859,138.2491,196,244
NGNH10,木祖,長野県,35.9632,137.7669,186,252
NGNH11,富士見,長野県,35.9157,138.3052,197,253
NGNH12,南牧,長野県,35.9696,138.4797,201,252
NGNH13,喬木,長野県,35.5143,137.8767,188,264
NGNH14,平谷,長野県,35.3095,137.6261,183,268
NGNH15,辰野,長野県,36.0088,137.9305,189,251
NGNH16,茅野,長野県,35.9465,138.1848,195,253
NGNH17,佐久,長野県,36.1425,138.5504,202,248
NGNH18,開田,長野県,35.9324,137.595,183,253
NGNH19,川上,長野県,35.9735,138.5845,203,252
NGNH20,上松,長野県,35.787,137.7173,185,256
NGNH21,伊那,長野県,35.8315,137.9236,189,255
NGNH22,長谷,長野県,35.7946,138.0824,192,256
NGNH23,南木曽,長野県,35.6056,137.6105,183,261
NGNH24,松川,長野県,35.6152,137.8797,188,261
NGNH25,南信濃,長野県,35.2986,137.9268,189,267
NGNH26,上山田,長野県,36.4663,138.1474,194,240
NGNH27,信州新,長野県,36.577,138.0479,192,237
NGNH28,戸隠,長野県,36.7075,138.0964,193,234
NGNH29,野沢温泉,長野県,36.9102,138.4408,200,229
NGNH30,奈川,長野県,36.064,137.6849,184,250
NGNH31,塩尻,長野県,36.1184,137.9389,190,248
NGNH32,松本,長野県,36.2578,137.9898,191,245
NGNH33,生坂,長野県,36.4598,137.9637,190,240
NGNH34,大町中,長野県,36.5327,137.8201,187,238
NGNH35,穂高,長野県,36.3824,137.8201,187,242
NGNH36,白馬,長野県,36.6984,137.8482,188,234
NGNH37,御代田,長野県,36.3308,138.4967,202,243
NGNH54,飯田,長野県,35.4489,138.0058,191,265
NGSH01,平戸,長崎県,33.2116,129.4353,16,320
NGSH02,佐世保北,長崎県,33.2122,129.7652,23,320
NGSH03,佐世保南,長崎県,33.1256,129.8102,24,322
NGSH04,琴海,長崎県,32.9553,129.8026,24,326
NGSH05,高来,長崎県,32.9103,130.1408,31,327
NGSH06,長崎,長崎県,32.6999,129.8625,25,332
NIGH01,長岡,新潟県,37.4272,138.8876,209,216
NIGH02,朝日,新潟県,38.2799,139.5486,222,195
NIGH03,荒川,新潟県,38.1327,139.4289,220,199
NIGH04,関川,新潟県,38.1313,139.5428,222,199
NIGH05,聖籠,新潟県,37.9759,139.2788,217,203
NIGH06,加茂,新潟県,37.6527,139.0676,212,211
NIGH07,村松,新潟県,37.6658,139.261,216,210
NIGH08,津川,新潟県,37.6708,139.4648,221,210
NIGH09,下田,新潟県,37.5386,139.1279,214,214
NIGH10,上川,新潟県,37.5438,139.3648,219,213
NIGH11,川西,新潟県,37.1728,138.744,206,222
NIGH12,湯之谷,新潟県,37.2239,138.9821,212,221
NIGH13,牧,新潟県,37.0544,138.3966,199,226
NIGH14,塩沢,新潟県,37.0303,138.8521,208,226
NIGH15,六日,新潟県,37.0533,138.9951,211,225
NIGH16,糸魚川,新潟県,36.9378,137.848,188,228
NIGH17,妙高高原,新潟県,36.8569,138.0966,193,230
NIGH18,妙高,新潟県,36.9425,138.2594,196,228
NIGH19,湯沢,新潟県,36.8114,138.7849,207,231
NMRH01,標津北,北海道,43.785,145.0246,334,60
NMRH02,標津南,北海道,43.6772,144.9618,332,63
NMRH03,中標津,北海道,43.5508,144.9665,333,66
NMRH04,別海東,北海道,43.3978,145.1224,336,70
NMRH05,別海西,北海道,43.39,144.8021,329,70
OITH01,山国,大分県,33.4122,131.0326,49,315
OITH02,山香,大分県,33.4581,131.4429,57,314
OITH03,安岐,大分県,33.4736,131.6856,62,313
OITH04,庄内,大分県,33.1306,131.3473,55,322
OITH05,野津原,大分県,33.1525,131.542,59,321
OITH06,竹田,大分県,32.9726,131.3984,56,326
OITH07,三重,大分県,32.987,131.5881,60,325
OITH08,宇目西,大分県,32.8392,131.5357,59,329
OITH09,宇目東,大分県,32.8486,131.6786,62,329
OITH10,佐伯,大分県,32.9278,131.8695,66,327
OITH11,九重,大分県,33.2844,131.2118,53,318
OKYH01,玉野,岡山県,34.507,133.8905,107,288
OKYH02,瀬戸,岡山県,34.7501,134.0702,111,282
OKYH03,岡山,岡山県,34.7783,133.789,105,281
OKYH04,真備,岡山県,34.6429,133.6861,103,285
OKYH05,建部,岡山県,34.8684,133.8527,106,279
OKYH06,美星,岡山県,34.6756,133.5283,100,284
OKYH07,神郷,岡山県,35.0493,133.3169,95,275
OKYH08,哲多,岡山県,34.9103,133.4055,97,278
OKYH09,湯原,岡山県,35.1809,133.6765,103,271
OKYH10,上斎原,岡山県,35.2826,133.9263,108,269
OKYH11,勝央,岡山県,35.0732,134.1162,112,274
OKYH12,大原,岡山県,35.0999,134.319,116,273
OKYH13,日生,岡山県,34.7283,134.2744,115,282
OKYH14,北房,岡山県,34.9363,133.6205,102,277
OSKH01,田尻,大阪府,34.3977,135.2836,135,291
OSKH02,此花,大阪府,34.6628,135.3896,138,284
OSKH03,太子,大阪府,34.5248,135.6608,143,287
OSKH04,交野,大阪府,34.763,135.7052,144,282
OSKH05,大阪,大阪府,34.7159,135.5199,140,283
OSMH01,知内,北海道,41.5977,140.4207,240,114
OSMH02,上磯,北海道,41.8374,140.6331,244,108
RMIH01,幌延,北海道,45.0167,142.0795,274,30
RMIH02,天塩,北海道,44.8948,141.9251,271,33
RMIH03,遠別,北海道,44.6359,141.8187,268,39
RMIH04,小平東,北海道,44.0974,141.9621,271,53
RMIH05,小平西,北海道,44.0254,141.7876,268,54
SAGH01,鎮西,佐賀県,33.508,129.8877,26,312
SAGH02,伊万里,佐賀県,33.2656,129.8798,26,318
SAGH03,富士,佐賀県,33.4098,130.2329,33,315
SAGH04,東脊振,佐賀県,33.3654,130.4046,36,316
SAGH05,白石,佐賀県,33.1806,130.1046,30,320
SBSH01,古平,北海道,43.2341,140.6228,244,74
SBSH02,泊,北海道,43.0527,140.5017,242,78
SBSH03,赤井川,北海道,43.0842,140.8199,248,77
SBSH04,共和,北海道,42.9758,140.6219,244,80
SBSH05,倶知安,北海道,42.95,140.8223,248,80
SBSH06,蘭越,北海道,42.8309,140.4831,241,84
SBSH07,真狩,北海道,42.763,140.8084,248,85
SBSH08,喜茂別,北海道,42.768,140.9766,251,85
SBSH09,黒松内,北海道,42.6104,140.4841,241,89
SBSH10,島牧,北海道,42.7797,140.1557,235,85
SIGH01,多賀,滋賀県,35.2383,136.3599,157,270
SIGH02,大津,滋賀県,35.2482,135.8671,147,270
SIGH03,信楽,滋賀県,34.853,136.0316,151,279
SIGH04,日野,滋賀県,34.9638,136.261,155,277
SITH01,岩槻,埼玉県,35.929,139.7349,226,253
SITH03,日高,埼玉県,35.899,139.3843,218,253
SITH04,所沢,埼玉県,35.8028,139.5353,222,256
SITH05,神泉,埼玉県,36.1509,139.0504,211,248
SITH06,川本,埼玉県,36.1131,139.2894,217,248
SITH07,名栗,埼玉県,35.9118,139.1485,214,253
SITH08,小鹿野,埼玉県,36.0274,138.9691,210,251
SITH09,皆野,埼玉県,36.0715,139.0993,213,249
SITH11,飯能,埼玉県,35.8637,139.2726,217,255
SMNH01,伯太,島根県,35.2963,133.2604,94,269
SMNH02,仁多,島根県,35.2235,133.0856,91,270
SMNH03,佐田,島根県,35.2243,132.7223,83,270
SMNH04,邑智,島根県,35.0918,132.5308,79,274
SMNH05,羽須美,島根県,34.8697,132.6396,82,279
SMNH06,金城,島根県,34.8839,132.2026,73,279
SMNH07,美都,島根県,34.694,132.0402,69,283
SMNH08,石見,島根県,34.8801,132.4208,77,279
SMNH09,匹見,島根県,34.5725,132.0122,69,286
SMNH10,美保関,島根県,35.5579,133.3004,95,262
SMNH11,平田,島根県,35.4259,132.8008,85,265
SMNH12,吉田,島根県,35.1634,132.8558,86,272
SMNH13,江津,島根県,35.0087,132.3069,75,276
SMNH14,六日市,島根県,34.3904,131.8925,66,291
SMNH15,鹿島,島根県,35.5232,133.0226,89,263
SMNH16,加茂,島根県,35.3422,132.8989,87,267
SOYH01,猿払北,北海道,45.3346,142.1185,275,22
SOYH02,猿払南,北海道,45.2163,142.2254,277,25
SOYH03,稚内西,北海道,45.2531,141.6334,265,24
SOYH04,稚内東,北海道,45.2303,141.8806,270,25
SOYH05,稚内北,北海道,45.4883,141.885,270,18
SOYH06,豊富,北海道,45.1019,141.7834,267,29
SOYH07,浜頓別,北海道,45.1001,142.4307,281,28
SOYH08,中頓別,北海道,44.9387,142.2247,277,32
SOYH09,歌登北,北海道,44.857,142.4868,282,34
SOYH10,歌登南,北海道,44.7433,142.6039,284,37
SRCH01,幌加内北,北海道,44.2803,142.1594,275,48
SRCH02,幌加内中,北海道,44.116,142.1414,275,52
SRCH03,幌加内南,北海道,43.9994,142.1258,275,55
SRCH04,沼田,北海道,43.8203,141.9397,271,59
SRCH05,深川北,北海道,43.8243,142.1594,275,59
SRCH06,深川南,北海道,43.6948,142.0776,274,62
SRCH07,三笠,北海道,43.23,141.8978,270,74
SRCH08,砂川,北海道,43.5138,141.909,270,67
SRCH09,栗山,北海道,43.0587,141.8063,268,78
SRCH10,夕張,北海道,42.993,142.0085,272,80
SZOH24,引佐,静岡県,34.8343,137.6616,184,280
SZOH25,新居,静岡県,34.6913,137.5604,182,283
SZOH26,袋井,静岡県,34.7948,137.9034,189,281
SZOH28,浜松,静岡県,34.6683,137.7441,186,284
SZOH29,静岡北,静岡県,35.307,138.1973,195,268
SZOH30,水窪北,静岡県,35.2233,137.9181,189,271
SZOH31,川根,静岡県,34.9398,138.0767,192,277
SZOH32,龍山東,静岡県,35.0086,137.8409,187,276
SZOH33,静岡南,静岡県,35.0146,138.3526,198,275
SZOH34,清水北,静岡県,35.1304,138.4243,199,273
SZOH36,藤枝,静岡県,34.9142,138.2008,195,279
SZOH37,芝川,静岡県,35.2028,138.5659,201,271
SZOH38,函南,静岡県,35.0854,138.9779,211,274
SZOH39,西伊豆西,静岡県,34.7988,138.7724,206,281
SZOH40,河津,静岡県,34.7832,138.97,210,281
SZOH41,南伊豆,静岡県,34.6749,138.834,209,284
SZOH42,修善寺,静岡県,34.9756,138.9128,209,276
SZOH43,清水南,静岡県,34.9739,138.4924,201,276
SZOH53,掛川3,静岡県,34.8768,138.0174,191,279
SZOH54,初島2,静岡県,35.0417,139.1685,215,275
TCGH06,真岡,栃木県,36.4458,139.9509,230,240
TCGH07,栗山西,栃木県,36.8817,139.4534,220,230
TCGH08,栗山東,栃木県,36.8828,139.6459,224,230
TCGH09,矢板,栃木県,36.8625,139.8364,228,230
TCGH10,大田原,栃木県,36.8578,140.0225,232,230
TCGH11,今市,栃木県,36.7084,139.7694,227,234
TCGH12,氏家,栃木県,36.6959,139.9842,231,234
TCGH13,馬頭,栃木県,36.7342,140.1781,235,233
TCGH14,粟野,栃木県,36.5509,139.6154,224,238
TCGH15,宇都宮,栃木県,36.5595,139.8637,229,238
TCGH16,芳賀,栃木県,36.548,140.0751,233,238
TCGH17,藤原2,栃木県,36.9853,139.6922,225,227
TKCH01,陸別,北海道,43.4683,143.683,306,68
TKCH02,足寄東,北海道,43.3822,143.8983,311,70
TKCH03,足寄西,北海道,43.2708,143.4317,301,73
TKCH04,新得南,北海道,43.1739,142.9176,291,75
TKCH05,本別,北海道,43.1211,143.6181,305,77
TKCH06,芽室,北海道,42.892,143.0603,293,82
TKCH07,豊頃,北海道,42.8114,143.5203,303,84
TKCH08,大樹,北海道,42.4865,143.152,296,92
TKCH10,新得北,北海道,43.3337,142.9448,291,71
TKCH11,清水,北海道,42.8742,142.883,290,83
TKSH01,日和佐,徳島県,33.7751,134.4994,120,306
TKSH02,貞光,徳島県,34.0112,134.0918,111,300
TKSH03,木屋平,徳島県,33.8778,134.1294,112,303
TKSH04,徳島,徳島県,33.9902,134.5337,120,301
TKSH05,海南,徳島県,33.6628,134.3156,116,309
TKSH06,井川,徳島県,33.9997,133.8933,107,300
TKYH02,府中,東京都,35.6539,139.4704,221,260
TKYH11,江東,東京都,35.6114,139.8125,228,261
TKYH12,八王子,東京都,35.6701,139.265,217,259
TTRH01,智頭,鳥取県,35.2604,134.2173,114,269
TTRH02,日野,鳥取県,35.2313,133.3909,97,270
TTRH03,溝口,鳥取県,35.3553,133.4918,99,267
TTRH04,赤碕,鳥取県,35.4668,133.6307,102,264
TTRH05,岩美,鳥取県,35.5729,134.3426,116,262
TTRH06,河原,鳥取県,35.3946,134.1988,113,266
TTRH07,関金,鳥取県,35.3649,133.7486,104,267
TYMH01,氷見,富山県,36.8866,136.9276,169,230
TYMH02,大門,富山県,36.7142,137.0378,171,234
TYMH03,富山,富山県,36.7294,137.2627,176,233
TYMH04,魚津,富山県,36.7914,137.4689,180,232
TYMH05,井波,富山県,36.5736,136.9584,170,237
TYMH06,八尾,富山県,36.5711,137.1595,174,237
TYMH07,利賀,富山県,36.4406,137.0392,171,240
WKYH01,広川,和歌山県,33.9804,135.2122,134,301
WKYH02,花園,和歌山県,34.1373,135.5369,141,297
WKYH03,野上,和歌山県,34.1314,135.3244,136,297
WKYH04,すさみ,和歌山県,33.5559,135.5454,141,311
WKYH05,那智勝浦,和歌山県,33.6072,135.8619,147,310
WKYH06,大塔,和歌山県,33.6948,135.5953,142,308
WKYH07,上富田,和歌山県,33.6894,135.4396,139,308
WKYH08,那賀,和歌山県,34.3228,135.4483,139,292
WKYH09,和歌山,和歌山県,34.2868,135.0714,131,293
WKYH10,印南,和歌山県,33.8248,135.2172,134,305
YMGH01,防府,山口県,34.0494,131.5618,60,299
YMGH02,美祢,山口県,34.1111,131.1434,52,298
YMGH03,岩国,山口県,34.1891,132.126,71,296
YMGH04,周東,山口県,34.027,132.0626,70,300
YMGH05,美川,山口県,34.1974,131.9943,69,295
YMGH06,宇部,山口県,33.9893,131.3012,54,301
YMGH07,菊川,山口県,34.1149,131.0506,48,299
YMGH08,豊浦,山口県,34.1349,130.9323,46,298
YMGH09,田万川,山口県,34.6257,131.6681,62,285
YMGH10,むつみ,山口県,34.4837,131.6329,61,288
YMGH11,徳地,山口県,34.2091,131.6859,62,295
YMGH12,美東,山口県,34.2176,131.3597,56,295
YMGH13,長門,山口県,34.3408,131.177,52,292
YMGH14,萩,山口県,34.3979,131.3774,56,291
YMGH15,徳山,山口県,33.9725,131.8149,65,301
YMGH16,上関,山口県,33.826,132.104,71,305
YMGH17,東和,山口県,33.9291,132.4046,77,301
YMNH08,西野原,山梨県,35.6895,138.734,206,259
YMNH09,早川,山梨県,35.4327,138.3325,197,266
YMNH10,早川北,山梨県,35.5351,138.3087,197,263
YMNH11,大月,山梨県,35.6247,138.9777,211,260
YMNH12,増穂,山梨県,35.5623,138.449,200,262
YMNH13,身延,山梨県,35.3509,138.4203,198,268
YMNH14,都留南,山梨県,35.5115,138.9675,210,263
YMNH15,上九一色,山梨県,35.5323,138.6045,203,262
YMNH16,甲府2,山梨県,35.7421,138.5653,202,258
YMTH01,天童,山形県,38.3841,140.3805,239,193
YMTH02,山形,山形県,38.2693,140.2583,237,196
YMTH03,南陽,山形県,38.1035,140.1553,235,200
YMTH04,上山,山形県,38.0813,140.2978,238,200
YMTH05,小国,山形県,37.9883,139.8017,227,202
YMTH06,高畠,山形県,37.9633,140.1836,235,203
YMTH07,米沢,山形県,37.896,140.0278,232,205
YMTH08,八幡,山形県,38.9701,140.0333,232,178
YMTH09,戸沢,山形県,38.7498,140.178,235,184
YMTH10,舟形,山形県,38.7107,140.3744,239,185
YMTH11,最上,山形県,38.7132,140.5544,243,185
YMTH12,立川,山形県,38.6357,140.0055,232,187
YMTH13,朝日,山形県,38.4704,139.7606,227,191
YMTH14,西川西,山形県,38.386,139.9916,232,193
YMTH15,西川東,山形県,38.4257,140.1249,234,192
AIC001,尾西,愛知県,35.2976,136.75,166,268
AIC002,小牧,愛知県,35.2979,136.9153,169,269
AIC003,津島,愛知県,35.1732,136.7404,165,272
AIC004,名古屋,愛知県,35.0632,136.9737,170,274
AIC005,藤岡,愛知県,35.1979,137.2056,175,271
AIC006,稲武,愛知県,35.2159,137.5086,181,270
AIC008,設楽,愛知県,35.1006,137.5756,182,273
AIC009,豊田,愛知県,35.0812,137.1464,173,274
AIC010,作手,愛知県,34.9803,137.4297,179,276
AIC011,知多,愛知県,34.9965,136.8639,168,276
AIC012,安城,愛知県,34.9119,137.0447,171,279
AIC014,蒲郡,愛知県,34.8263,137.22,175,280
AIC015,豊橋,愛知県,34.7549,137.4047,179,281
AIC016,美浜,愛知県,34.7788,136.9087,169,279
AIC017,田原,愛知県,34.6728,137.2606,176,284
AIC018,渥美,愛知県,34.6221,137.1078,173,285
AKT003,藤里,秋田県,40.2782,140.2631,237,147
AKT004,八森,秋田県,40.3888,139.9827,231,144
AKT005,能代,秋田県,40.2032,140.0288,232,148
AKT007,琴丘,秋田県,40.0376,140.0919,233,152
AKT008,飯田川,秋田県,39.883,140.0716,233,157
AKT009,男鹿,秋田県,39.8879,139.8466,228,156
AKT010,秋田,秋田県,39.7225,140.1002,234,160
AKT015,本荘,秋田県,39.383,140.0499,233,168
AKT016,大曲,秋田県,39.4544,140.476,241,167
AKT017,横手,秋田県,39.2975,140.5629,243,170
AKT019,雄勝,秋田県,39.0384,140.451,240,177
AKT020,象潟,秋田県,39.2022,139.9085,230,173
AOM003,大畑,青森県,41.4054,141.1699,255,119
AOM004,尻屋,青森県,41.4087,141.4486,261,119
AOM007,南通,青森県,41.169,141.3846,260,124
AOM008,横浜,青森県,41.084,141.2552,256,126
AOM011,三沢,青森県,40.6803,141.3669,258,135
AOM012,八戸,青森県,40.5138,141.4805,262,141
AOM013,南部,青森県,40.4124,141.28,257,143
AOM016,弘前,青森県,40.6018,140.499,242,138
AOM020,青森,青森県,40.8193,140.7501,247,133
AOM022,東田沢,青森県,40.9924,140.9155,250,129
AOM023,中里,青森県,40.9676,140.4326,240,130
AOM024,蟹田,青森県,41.0473,140.6398,245,127
AOM025,今別,青森県,41.1795,140.4801,241,124
AOM026,小泊,青森県,41.1281,140.3106,238,125
AOM027,脇野沢,青森県,41.1453,140.8219,248,125
AOM028,八甲田,青森県,40.7002,140.919,250,136
CHB001,野田,千葉県,35.9595,139.8733,229,252
CHB002,松戸,千葉県,35.7868,139.9031,229,255
CHB003,白井,千葉県,35.7943,140.0564,234,256
CHB004,佐原,千葉県,35.9007,140.4905,242,254
CHB006,成田,千葉県,35.7801,140.3067,238,257
CHB007,佐倉,千葉県,35.7234,140.2267,236,258
CHB008,浦安,千葉県,35.6537,139.9023,230,261
CHB009,千葉,千葉県,35.6082,140.1022,234,261
CHB010,八日市場,千葉県,35.7077,140.568,244,259
CHB012,東金,千葉県,35.5727,140.3333,238,262
CHB013,茂原,千葉県,35.4327,140.2905,237,265
CHB014,姉崎,千葉県,35.4769,140.0489,233,264
CHB015,木更津,千葉県,35.3738,139.9159,231,267
CHB016,岬,千葉県,35.2999,140.3867,239,269
CHB017,市場,千葉県,35.2988,140.0755,233,269
CHB019,鋸南,千葉県,35.1105,139.8351,228,273
CHB020,鴨川,千葉県,35.1155,140.1022,234,272
CHB021,白浜,千葉県,34.9083,139.8979,229,279
CHB022,富津,千葉県,35.3083,139.8598,229,269
CHB024,稲毛,千葉県,35.6335,140.0784,232,260
CHB025,千倉,千葉県,34.9707,139.9459,230,277
CHB026,長南,千葉県,35.3872,140.237,236,267
CHB027,勝浦北,千葉県,35.181,140.2655,236,271
CHB028,市川北,千葉県,35.766,139.9665,232,258
CHB029,行徳,千葉県,35.6947,139.9176,230,257
EHM002,新居浜,愛媛県,33.9216,133.3074,95,302
EHM004,今治,愛媛県,34.0624,132.9982,89,299
EHM007,北条,愛媛県,33.9621,132.7722,84,301
EHM008,松山,愛媛県,33.8198,132.7282,84,305
EHM012,宇和島,愛媛県,33.2217,132.5727,80,320
EHM015,長浜,愛媛県,33.6094,132.4768,78,310
FKI001,三国,福井県,36.2193,136.1565,153,246
FKI003,福井,福井県,36.074,136.2687,155,250
FKI005,武生,福井県,35.9067,136.1743,153,254
FKI006,今庄,福井県,35.7731,136.1998,154,257
FKO003,北九州,福岡県,33.8324,130.9014,47,305
FKO006,福岡,福岡県,33.5969,130.3985,36,310
FKS001,相馬,福島県,37.7949,140.9196,250,206
FKS003,福島,福島県,37.7613,140.4799,241,208
FKS004,飯舘,福島県,37.6799,140.7346,246,210
FKS005,原町,福島県,37.6385,140.9849,252,211
FKS009,小野,福島県,37.2778,140.6349,244,219
FKS010,広野,福島県,37.2342,141.0016,252,221
FKS012,勿来,福島県,36.9069,140.7929,248,229
FKS019,二本松,福島県,37.603,140.4368,240,212
FKS020,猪苗代,福島県,37.5474,140.1078,234,213
FKS021,喜多方,福島県,37.6535,139.8633,228,211
FKS022,西会津,福島県,37.6002,139.6467,224,212
FKS026,南郷,福島県,37.266,139.5386,223,220
FKS028,只見,福島県,37.3037,139.3618,219,220
FKS030,金山,福島県,37.453,139.5133,222,216
FKS031,川内,福島県,37.3364,140.8132,249,218
GIF002,河合,岐阜県,36.2734,137.0253,171,245
GIF003,神岡,岐阜県,36.3322,137.3014,176,243
GIF005,高山,岐阜県,36.1536,137.2514,177,247
GIF006,荘川,岐阜県,36.0333,136.9528,170,251
GIF007,高根,岐阜県,36.0378,137.4861,180,250
GIF008,小坂,岐阜県,35.9515,137.26,176,253
GIF009,白鳥,岐阜県,35.9219,136.8311,166,253
GIF010,下呂,岐阜県,35.8029,137.245,174,257
GIF011,八幡,岐阜県,35.7593,136.9808,170,257
GIF012,東杉原,岐阜県,35.6365,136.4882,160,260
GIF013,金山,岐阜県,35.6637,137.1617,173,261
GIF014,付知,岐阜県,35.6576,137.4258,179,260
GIF015,美濃,岐阜県,35.5454,136.9072,169,262
GIF016,七宗,岐阜県,35.5424,137.1191,173,263
GIF017,揖斐川,岐阜県,35.4829,136.5714,161,264
GIF018,中津川,岐阜県,35.4887,137.5,182,264
GIF019,恵那,岐阜県,35.4495,137.4039,178,265
GIF020,岐阜,岐阜県,35.4248,136.7568,166,265
GIF023,土岐,岐阜県,35.3882,137.2158,175,266
GIF024,明智,岐阜県,35.3009,137.387,178,268
GIF026,美山,岐阜県,35.5912,136.7414,166,260
GNM001,片品,群馬県,36.7722,139.2248,216,232
GNM002,水上,群馬県,36.7819,138.9695,211,232
GNM003,沼田,群馬県,36.6578,139.0784,213,235
GNM004,草津,群馬県,36.6172,138.5918,203,236
GNM006,吾妻,群馬県,36.5103,138.7523,206,239
GNM007,渋川,群馬県,36.4637,139.0092,211,240
GNM008,前橋,群馬県,36.3478,139.1368,214,242
GNM009,桐生,群馬県,36.4106,139.3251,218,241
GNM010,館林,群馬県,36.2343,139.5331,223,248
GNM011,太田,群馬県,36.2914,139.3609,219,244
GNM013,高崎,群馬県,36.3181,139.0176,212,244
GNM014,坂本,群馬県,36.3467,138.7211,205,243
GNM015,下仁田,群馬県,36.2287,138.7579,206,247
HKD001,稚内,北海道宗谷支庁,45.4163,141.672,266,20
HKD011,東利尻,北海道宗谷支庁,45.246,141.217,256,24
HKD013,礼文,北海道宗谷支庁,45.3049,141.0475,253,23
HKD019,羽幌,北海道留萌支庁,44.3611,141.6978,266,46
HKD023,雄冬,北海道留萌支庁,43.7735,141.3685,260,60
HKD036,旭川,北海道上川支庁,43.7726,142.3648,280,61
HKD054,北見,北海道網走支庁,43.7996,143.9008,311,60
HKD073,根室,北海道根室支庁,43.3327,145.6003,345,71
HKD077,釧路,北海道釧路支庁,42.9845,144.3824,321,80
HKD080,弟子屈,北海道釧路支庁,43.5077,144.4485,322,67
HKD095,帯広,北海道十勝支庁,42.9311,143.2137,297,81
HKD100,広尾,北海道十勝支庁,42.2864,143.312,299,97
HKD112,えりも岬,北海道日高支庁,41.937,143.2403,297,106
HKD122,岩見沢,北海道空知支庁,43.1968,141.7754,268,75
HKD132,室蘭,北海道胆振支庁,42.3483,141.0319,253,96
HKD144,倶知安,北海道後志支庁,42.9057,140.7672,247,83
HKD155,鹿部,北海道渡島支庁,42.0436,140.8064,248,103
HKD160,函館,北海道渡島支庁,41.7701,140.7383,247,110
HKD171,小砂子,北海道桧山支庁,41.6487,139.9976,231,113
HKD173,青苗,北海道桧山支庁,42.0661,139.4515,220,102
HKD181,江別,北海道石狩支庁,43.1161,141.5462,263,77
HRS013,広島,広島県,34.3768,132.4505,78,292
HYG001,浜坂,兵庫県,35.6194,134.45,118,260
HYG021,神戸,兵庫県,34.6898,135.1583,133,283
HYG024,東浦,兵庫県,34.533,134.9904,130,287
HYG025,洲本,兵庫県,34.3405,134.9014,128,292
HYG026,五色,兵庫県,34.4149,134.7925,126,290
HYG027,南淡,兵庫県,34.2499,134.7292,124,294
IBR001,大子,茨城県,36.7761,140.3569,239,233
IBR002,高萩,茨城県,36.7061,140.7068,246,234
IBR003,日立,茨城県,36.5915,140.6453,245,237
IBR004,大宮,茨城県,36.5516,140.4102,241,238
IBR005,笠間,茨城県,36.3851,140.2372,236,242
IBR006,水戸,茨城県,36.3665,140.4543,241,242
IBR007,那珂湊,茨城県,36.3523,140.5955,244,244
IBR008,下館,茨城県,36.3062,139.9828,231,244
IBR009,古河,茨城県,36.1848,139.7037,225,247
IBR010,下妻,茨城県,36.1843,139.9653,231,247
IBR011,つくば,茨城県,36.1251,140.0903,233,248
IBR012,石岡,茨城県,36.1954,140.2713,237,247
IBR013,鉾田,茨城県,36.1587,140.4892,241,247
IBR015,岩井,茨城県,36.0693,139.908,229,250
IBR016,取手,茨城県,35.9112,140.0494,233,254
IBR018,鹿嶋,茨城県,35.977,140.6322,244,252
ISK003,輪島,石川県,37.3919,136.9083,169,217
ISK005,穴水,石川県,37.2307,136.9039,167,221
ISK007,七尾,石川県,37.0427,136.9681,170,226
ISK008,羽咋,石川県,36.8918,136.7783,166,229
ISK009,七塚,石川県,36.7334,136.7025,164,233
ISK010,金沢,石川県,36.5419,136.6431,163,237
ISK011,小松,石川県,36.3967,136.4432,159,242
ISK014,加賀,石川県,36.3028,136.3154,157,244
IWT001,種市,岩手県,40.4099,141.7191,267,143
IWT002,久慈,岩手県,40.1819,141.7641,266,149
IWT003,普代,岩手県,40.0083,141.8861,270,153
IWT008,大船渡,岩手県,39.0815,141.7083,266,175
IWT011,水沢,岩手県,39.1454,141.152,255,174
IWT013,遠野,岩手県,39.3291,141.5637,263,170
IWT015,川尻,岩手県,39.318,140.7792,248,170
IWT017,門馬,岩手県,39.6336,141.4376,260,163
IWT018,盛岡,岩手県,39.6953,141.1478,255,161
IWT021,西根,岩手県,39.9203,141.082,254,155
IWT022,安代,岩手県,40.1011,141.0523,253,151
KGS006,横川,鹿児島県,31.906,130.7021,42,352
KGS008,蒲生,鹿児島県,31.7621,130.5699,40,354
KGS009,国分,鹿児島県,31.7368,130.7613,44,356
KGS011,日吉,鹿児島県,31.5896,130.349,35,360
KGS012,鹿児島,鹿児島県,31.6057,130.574,40,359
KGS013,大隅,鹿児島県,31.5973,130.9938,48,358
KGS014,垂水,鹿児島県,31.496,130.6999,42,362
KGS017,鹿屋,鹿児島県,31.3954,130.8702,47,365
KGS018,喜入,鹿児島県,31.3757,130.5449,39,365
KGS025,西之表,鹿児島県,30.7319,130.9977,48,381
KGS027,門倉崎,鹿児島県,30.3488,130.8829,46,390
KGS029,屋久,鹿児島県,30.2363,130.5553,39,393
KGS030,笠利,鹿児島県,28.451,129.6784,146,88
KGS032,瀬戸内,鹿児島県,28.1388,129.3206,138,96
KGS033,伊仙,鹿児島県,27.6882,128.9427,130,108
KGS034,知名,鹿児島県,27.334,128.5743,123,116
KGS035,与論,鹿児島県,27.0522,128.4241,120,122
KGS036,上甑,鹿児島県,31.836,129.8678,25,354
KGS037,下甑,鹿児島県,31.639,129.7078,22,358
KGW001,土庄,香川県,34.5452,134.2804,115,287
KGW004,高松,香川県,34.3473,134.0374,110,292
KGW007,引田,香川県,34.213,134.4133,118,295
KMM006,熊本,熊本県,32.7934,130.7772,43,330
KMM018,龍ヶ岳,熊本県,32.3942,130.3885,36,340
KMM019,本渡,熊本県,32.4548,130.1807,32,338
KMM021,天草,熊本県,32.3793,129.9997,28,340
KMM022,牛深,熊本県,32.1945,130.0265,28,345
KNG001,川崎,神奈川県,35.5291,139.7062,226,263
KNG002,横浜,神奈川県,35.4371,139.634,224,265
KNG003,横須賀,神奈川県,35.2727,139.6579,226,269
KNG004,三崎,神奈川県,35.1441,139.6218,224,272
KNG005,鎌倉,神奈川県,35.3192,139.5462,222,268
KNG006,二俣川,神奈川県,35.4544,139.5387,221,266
KNG007,藤沢,神奈川県,35.3382,139.4926,220,268
KNG008,相模原,神奈川県,35.5751,139.3265,218,262
KNG009,厚木,神奈川県,35.4424,139.3618,219,264
KNG010,平塚,神奈川県,35.3339,139.3446,218,268
KNG011,藤野,神奈川県,35.6154,139.1548,214,262
KNG012,秦野,神奈川県,35.3794,139.2048,216,267
KNG013,小田原,神奈川県,35.2641,139.152,214,269
KNG201,平塚ST1,房総半島沖,34.5956,139.9183,230,286
KNG202,平塚ST2,房総半島沖,34.7396,139.8393,228,282
KNG203,平塚ST3,伊豆大島東方,34.7983,139.6435,224,281
KNG204,平塚ST4,伊豆大島北東,34.8931,139.5711,223,279
KNG205,平塚ST5,伊豆大島北,34.9413,139.4213,220,277
KNG206,平塚ST6,相模湾,35.0966,139.3778,219,274
KOC007,高知,高知県,33.5611,133.5271,100,311
KOC013,佐賀,高知県,33.0797,133.1015,91,323
KYT001,丹後,京都府,35.7406,135.1022,132,257
KYT008,本庄,京都府,35.2612,135.3966,137,269
KYT009,日吉,京都府,35.1637,135.5016,140,272
KYT012,京都,京都府,34.9962,135.8188,147,275
KYT014,南山城,京都府,34.7732,135.9921,149,280
MIE001,藤原,三重県,35.1718,136.4943,160,272
MIE002,菰野,三重県,35.0279,136.5073,160,274
MIE003,四日市,三重県,34.9704,136.6357,163,277
MIE004,亀山,三重県,34.8569,136.4493,159,278
MIE005,上野,三重県,34.7677,136.1151,152,282
MIE006,津,三重県,34.7178,136.5039,160,283
MIE007,白山,三重県,34.6435,136.3365,157,285
MIE008,名張,三重県,34.6285,136.1073,153,285
MIE009,松阪,三重県,34.5752,136.5296,162,285
MIE010,伊勢,三重県,34.4908,136.7334,165,288
MIE011,飯高,三重県,34.4283,136.3329,157,290
MIE013,南島,三重県,34.2777,136.4996,160,294
MIE015,熊野,三重県,33.8783,136.0822,152,303
MIE016,紀和,三重県,33.8764,135.9188,148,303
MYG001,気仙沼,宮城県,38.9015,141.5684,263,181
MYG002,歌津,宮城県,38.7262,141.5109,262,184
MYG003,東和,宮城県,38.7348,141.3106,257,185
MYG004,築館,宮城県,38.7324,141.0271,252,184
MYG005,鳴子,宮城県,38.7992,140.6507,245,183
MYG006,古川,宮城県,38.566,140.9767,251,189
MYG009,大和,宮城県,38.4466,140.8874,250,191
MYG010,石巻,宮城県,38.4292,141.2818,258,192
MYG011,牡鹿,宮城県,38.3052,141.5044,262,195
MYG013,仙台,宮城県,38.2663,140.9293,250,196
MYG019,鳴子温泉,宮城県,38.7513,140.7226,246,185
MYZ013,宮崎,宮崎県,31.9087,131.4187,57,352
MYZ018,都井岬,宮崎県,31.3985,131.3052,55,364
NAR002,奈良,奈良県,34.6683,135.8352,147,284
NAR003,大和高田,奈良県,34.5169,135.7191,145,288
NAR004,榛原,奈良県,34.528,135.9512,148,288
NAR005,五條,奈良県,34.3408,135.6883,144,291
NAR006,川上,奈良県,34.3383,135.9541,149,291
NAR007,大塔,奈良県,34.2213,135.7369,144,294
NAR008,上北山,奈良県,34.1352,136.0046,150,297
NAR009,十津川,奈良県,33.938,135.7552,145,301
NGN001,飯山,長野県,36.8514,138.366,198,230
NGN002,信濃,長野県,36.8069,138.2069,195,232
NGN003,山ノ内,長野県,36.7403,138.4129,200,233
NGN004,長野,長野県,36.6486,138.1938,195,235
NGN006,大町,長野県,36.5086,137.8507,188,240
NGN007,杭瀬下,長野県,36.5339,138.1191,194,238
NGN008,上田,長野県,36.4018,138.2482,196,241
NGN009,穂高,長野県,36.3378,137.8694,189,243
NGN010,小諸,長野県,36.3281,138.4357,199,243
NGN011,長門,長野県,36.2564,138.2669,196,247
NGN012,松本,長野県,36.2564,137.9785,189,245
NGN013,安曇,長野県,36.1833,137.7852,186,247
NGN014,小海,長野県,36.0956,138.4844,200,250
NGN015,諏訪,長野県,36.0454,138.1116,193,250
NGN017,楢川,長野県,35.9748,137.8255,188,253
NGN018,王滝,長野県,35.8132,137.5295,181,256
NGN019,木曽福島,長野県,35.8562,137.7078,185,254
NGN020,伊那,長野県,35.8282,137.9532,189,257
NGN021,駒ヶ根,長野県,35.7304,137.9341,189,258
NGN023,大鹿,長野県,35.5787,138.0338,192,262
NGN025,天龍,長野県,35.2864,137.8571,187,269
NGS002,松浦,長崎県,33.3444,129.7054,22,317
NGS010,長崎,長崎県,32.7353,129.8763,26,330
NGS012,島原,長崎県,32.7884,130.3463,35,330
NGS016,若松,長崎県,32.888,129.0211,8,328
NGS017,福江,長崎県,32.6658,128.8433,4,333
NGS020,上対馬,長崎県対馬支庁,34.6609,129.4594,17,284
NGS022,国分,長崎県対馬支庁,34.2029,129.2868,13,295
NIG001,岩谷口,新潟県,38.2584,138.4337,200,196
NIG002,両津,新潟県,38.0745,138.4398,200,200
NIG003,佐和田,新潟県,37.9976,138.3226,197,202
NIG004,小木,新潟県,37.8205,138.2795,197,207
NIG005,松ヶ崎,新潟県,37.9204,138.4981,201,204
NIG006,寒川,新潟県,38.4501,139.4961,221,191
NIG008,中条,新潟県,38.053,139.4055,219,201
NIG010,新潟,新潟県,37.9146,139.0108,211,204
NIG011,新津,新潟県,37.8013,139.1442,213,207
NIG013,巻,新潟県,37.7638,138.8834,209,208
NIG014,三条,新潟県,37.641,138.9559,210,211
NIG016,寺泊,新潟県,37.6421,138.7676,206,211
NIG018,柏崎,新潟県,37.3724,138.5579,202,218
NIG019,小千谷,新潟県,37.3043,138.8121,207,219
NIG020,小出,新潟県,37.2332,138.962,210,221
NIG023,津南,新潟県,37.0147,138.6529,204,226
NIG024,安塚,新潟県,37.1268,138.444,200,223
NIG025,直江津,新潟県,37.1607,138.2235,195,223
NIG027,糸魚川,新潟県,37.0235,137.8624,188,226
OIT001,国見,大分県,33.6783,131.5936,60,308
OIT010,大分,大分県,33.2317,131.5934,60,319
OIT011,佐賀関,大分県,33.2461,131.8811,66,319
OIT018,蒲江,大分県,32.7972,131.9251,67,330
OKN001,国頭,沖縄県,26.7402,128.1736,115,130
OKN002,名護,沖縄県,26.5916,127.9767,111,135
OKN003,具志川,沖縄県,26.38,127.8572,109,139
OKN004,那覇,沖縄県,26.2497,127.6786,105,142
OKN005,知念,沖縄県,26.1686,127.8267,108,144
OKN006,久米島,沖縄県,26.3497,126.7479,86,140
OKN007,狩俣,沖縄県,24.853,125.2964,56,176
OKN008,城辺,沖縄県,24.7558,125.3864,58,181
OKN009,新栄,沖縄県,24.3413,124.1526,33,189
OKN010,伊原間,沖縄県,24.5088,124.282,35,187
OKN011,上原,沖縄県,24.4324,123.7798,26,187
OKY001,湯原,岡山県,35.1702,133.7311,105,272
OKY002,加茂,岡山県,35.1787,134.05,110,272
OKY003,西粟倉,岡山県,35.1737,134.3386,116,271
OKY004,新見,岡山県,34.9579,133.5018,100,276
OKY005,落合,岡山県,35.0098,133.7317,105,275
OKY006,津山,岡山県,35.0684,134.005,109,275
OKY011,岡山,岡山県,34.654,133.9067,108,284
OSK001,能勢,大阪府,34.9688,135.396,138,276
OSK002,高槻,大阪府,34.8573,135.5958,141,279
OSK003,豊中,大阪府,34.7668,135.4683,138,281
OSK004,四條畷,大阪府,34.7405,135.6394,142,283
OSK006,堺,大阪府,34.5894,135.471,139,286
OSK008,岸和田,大阪府,34.4402,135.3917,137,289
OSK009,河内長野,大阪府,34.4366,135.5816,141,289
SAG007,佐賀,佐賀県,33.2627,130.3004,34,319
SIG001,余呉,滋賀県,35.5398,136.2065,154,263
SIG002,今津,滋賀県,35.4215,136.0243,151,266
SIG003,長浜,滋賀県,35.377,136.264,155,267
SIG004,朽木,滋賀県,35.3476,135.9184,148,267
SIG005,彦根,滋賀県,35.2493,136.2421,155,270
SIG007,近江八幡,滋賀県,35.1339,136.0957,152,273
SIG008,永源寺,滋賀県,35.0701,136.2946,155,274
SIG010,大津,滋賀県,34.9718,135.8965,148,277
SIT001,本庄,埼玉県,36.2428,139.1937,215,246
SIT002,熊谷,埼玉県,36.1476,139.3884,220,248
SIT003,久喜,埼玉県,36.072,139.6968,225,250
SIT004,長瀞,埼玉県,36.1179,139.1045,214,248
SIT005,小川,埼玉県,36.0562,139.2626,217,251
SIT006,秩父,埼玉県,35.9954,139.0709,212,252
SIT007,東松山,埼玉県,36.054,139.3912,220,250
SIT008,春日部,埼玉県,35.9829,139.7456,227,251
SIT009,川越,埼玉県,35.9034,139.4826,221,254
SIT010,大宮,埼玉県,35.9065,139.6481,224,254
SIT013,所沢,埼玉県,35.7965,139.4659,219,256
SIT014,中津川,埼玉県,35.9954,138.801,207,251
SMN002,松江,島根県,35.4714,133.0682,90,265
SMN006,大田,島根県,35.1942,132.4978,79,271
SMN013,益田,島根県,34.669,131.8458,66,284
SMN017,西ノ島,島根県,36.0933,132.984,89,249
SMN018,都万,島根県,36.1925,133.2331,94,247
SMN019,布施,島根県,36.2932,133.3561,96,244
SZO001,熱海,静岡県,35.1424,139.0795,213,272
SZO002,伊東,静岡県,34.9652,139.1031,214,277
SZO003,東伊豆,静岡県,34.8158,139.0546,212,280
SZO004,南伊豆,静岡県,34.6469,138.8194,207,286
SZO005,松崎,静岡県,34.7549,138.7841,206,283
SZO006,土肥,静岡県,34.9113,138.7941,207,278
SZO007,修善寺,静岡県,34.9771,138.9466,211,276
SZO009,裾野,静岡県,35.1971,138.9127,209,271
SZO010,御殿場,静岡県,35.3134,138.9063,209,268
SZO011,富士宮,静岡県,35.2128,138.6016,204,271
SZO012,蒲原,静岡県,35.1271,138.6213,203,273
SZO013,清水,静岡県,35.041,138.476,201,274
SZO014,静岡,静岡県,34.9649,138.3735,198,277
SZO015,梅ヶ島,静岡県,35.2435,138.3407,198,270
SZO016,焼津,静岡県,34.8566,138.3113,197,279
SZO017,浜岡,静岡県,34.6374,138.1281,193,285
SZO018,榛原,静岡県,34.7402,138.2241,195,282
SZO019,掛川,静岡県,34.7699,137.9981,191,282
SZO020,川根,静岡県,35.0085,138.1474,194,276
SZO021,本川根,静岡県,35.0969,138.1332,194,274
SZO022,佐久間,静岡県,35.0916,137.8136,187,274
SZO023,天竜,静岡県,34.8738,137.8164,187,279
SZO024,浜松,静岡県,34.7102,137.7197,185,282
SZO025,湖西,静岡県,34.7194,137.5314,180,283
SZO026,春野,静岡県,34.9816,137.8975,189,276
SZO027,西伊豆,静岡県,34.7903,138.8008,208,281
TCG001,黒磯,栃木県,36.9417,140.0828,233,228
TCG002,塩原,栃木県,36.99,139.8033,228,227
TCG003,藤原,栃木県,36.8144,139.7153,226,231
TCG004,湯元,栃木県,36.8061,139.4204,220,232
TCG005,矢板,栃木県,36.8061,139.9264,230,232
TCG006,小川,栃木県,36.7639,140.1297,233,233
TCG007,宇都宮,栃木県,36.5692,139.8861,229,236
TCG008,鹿沼,栃木県,36.56,139.7675,227,238
TCG009,今市,栃木県,36.7258,139.7155,224,235
TCG010,足尾,栃木県,36.6347,139.4376,220,236
TCG011,葛生,栃木県,36.3867,139.6145,224,242
TCG012,小山,栃木県,36.2859,139.8047,228,244
TCG013,真岡,栃木県,36.4368,140.0225,232,241
TCG014,茂木,栃木県,36.545,140.1742,236,238
TCG015,芹沼,栃木県,36.7489,139.7144,224,233
TKS001,鳴門,徳島県,34.203,134.6098,122,295
TKS002,徳島,徳島県,34.0438,134.582,121,299
TKY001,氷川,東京都,35.8029,139.0956,213,256
TKY002,桧原,東京都,35.7304,139.1454,213,258
TKY003,青梅,東京都,35.7968,139.2912,217,257
TKY004,八王子,東京都,35.6282,139.4034,219,260
TKY005,町田,東京都,35.5798,139.4137,220,262
TKY006,小金井,東京都,35.699,139.5029,221,258
TKY007,新宿,東京都,35.7107,139.6859,225,258
TKY008,岡田,東京都大島支庁,34.7852,139.3909,219,281
TKY009,波浮港,東京都大島支庁,34.6874,139.4412,220,284
TKY010,新島,東京都大島支庁,34.3779,139.2573,216,291
TKY012,八丈,東京都八丈支庁,33.1194,139.7987,227,322
TKY014,亀戸,東京都,35.689,139.8354,227,259
TKY024,奥戸,東京都,35.7401,139.8624,226,256
TKY028,越中島,東京都,35.6685,139.7893,226,260
TKY029,三宅,東京都三宅支庁,34.0745,139.4793,221,298
TTR002,鳥取,鳥取県,35.4853,134.2198,114,264
TTR004,鹿野,鳥取県,35.4606,134.0548,111,265
TTR008,米子,鳥取県,35.4258,133.3301,96,265
TYM001,境,富山県,36.976,137.6257,183,227
TYM002,氷見,富山県,36.866,136.9747,172,229
TYM005,新湊,富山県,36.7611,137.0931,173,231
TYM007,富山,富山県,36.6687,137.2123,175,235
WKY001,和歌山,和歌山県,34.2288,135.1694,133,295
WKY003,有田,和歌山県,34.0996,135.116,132,298
YMG005,豊北,山口県,34.2904,130.9484,47,293
YMG008,山口,山口県,34.0121,131.4042,57,300
YMG018,東和,山口県,33.9091,132.3561,76,304
YMN001,丹波山,山梨県,35.7895,138.9198,210,257
YMN002,大月,山梨県,35.6132,138.947,209,261
YMN003,富士吉田,山梨県,35.4648,138.813,207,264
YMN005,甲府,山梨県,35.6548,138.5677,202,260
YMN006,本栖,山梨県,35.4684,138.6069,203,265
YMN007,南部,山梨県,35.2791,138.4649,200,269
YMN009,六郷,山梨県,35.4965,138.4627,200,265
YMN010,須玉,山梨県,35.7918,138.4096,199,256
YMN011,芦安,山梨県,35.6382,138.3835,199,259
YMT001,酒田,山形県,38.914,139.8127,228,180
YMT002,新庄,山形県,38.7679,140.2957,238,182
YMT004,温海,山形県,38.6276,139.5889,223,187
YMT010,山形,山形県,38.2604,140.3488,239,196
YMT012,長井,山形県,38.1074,140.0428,232,200
YMT013,小国,山形県,38.0621,139.7575,226,199
YMT014,下屋地,山形県,37.9207,139.8697,228,204
YMT016,清川,山形県,38.7895,140.0185,232,182
34.8702,,,,,34.867,136.4575
MYG001,気仙沼,宮城県,38.9015,141.5684,263,181
MYG002,歌津,宮城県,38.7262,141.5109,262,184
MYG003,東和,宮城県,38.7348,141.3106,257,185
MYG004,築館,宮城県,38.7324,141.0271,252,184
MYG005,鳴子,宮城県,38.7992,140.6507,245,183
MYG006,古川,宮城県,38.566,140.9767,251,189
MYG009,大和,宮城県,38.4466,140.8874,250,191
MYG010,石巻,宮城県,38.4292,141.2818,258,192
MYG011,牡鹿,宮城県,38.3052,141.5044,262,195
MYG013,仙台,宮城県,38.2663,140.9293,250,196
MYG019,鳴子温泉,宮城県,38.7513,140.7226,246,185
MYZ013,宮崎,宮崎県,31.9087,131.4187,57,352
MYZ018,都井岬,宮崎県,31.3985,131.3052,55,364
NAR002,奈良,奈良県,34.6683,135.8352,147,284
NAR007,大塔,奈良県,34.2213,135.7369,144,294
NAR008,上北山,奈良県,34.1352,136.0046,150,297
NGN001,飯山,長野県,36.8514,138.366,198,230
NGN002,信濃,長野県,36.8069,138.2069,195,232
NGN003,山ノ内,長野県,36.7403,138.4129,200,233
NGN004,長野,長野県,36.6486,138.1938,195,235
NGN006,大町,長野県,36.5086,137.8507,188,240
NGN007,杭瀬下,長野県,36.5339,138.1191,194,238
NGN008,上田,長野県,36.4018,138.2482,196,241
NGN009,穂高,長野県,36.3378,137.8694,189,243
NGN010,小諸,長野県,36.3281,138.4357,199,243
NGN011,長門,長野県,36.2564,138.2669,196,246
NGN012,松本,長野県,36.2564,137.9785,189,245
NGN013,安曇,長野県,36.1833,137.7852,186,247
NGN014,小海,長野県,36.0956,138.4844,200,250
NGN015,諏訪,長野県,36.0454,138.1116,193,250
NGN017,楢川,長野県,35.9748,137.8255,188,253
NGN018,王滝,長野県,35.8132,137.5295,181,256
NGN019,木曽福島,長野県,35.8562,137.7078,185,254
NGN021,駒ヶ根,長野県,35.7304,137.9341,189,258
NGN023,大鹿,長野県,35.5787,138.0338,192,262
NGN025,天龍,長野県,35.2864,137.8571,187,269
NIG001,岩谷口,新潟県,38.2584,138.4337,200,196
NIG002,両津,新潟県,38.0745,138.4398,200,200
NIG003,佐和田,新潟県,37.9976,138.3226,198,202
NIG004,小木,新潟県,37.8205,138.2795,197,207
NIG005,松ヶ崎,新潟県,37.9204,138.4981,201,204
NIG006,寒川,新潟県,38.4501,139.4961,221,191
NIG008,中条,新潟県,38.053,139.4055,219,201
NIG010,新潟,新潟県,37.9146,139.0108,211,204
NIG011,新津,新潟県,37.8013,139.1442,213,207
NIG013,巻,新潟県,37.7638,138.8834,209,208
NIG014,三条,新潟県,37.641,138.9559,210,211
NIG016,寺泊,新潟県,37.6421,138.7676,206,211
NIG018,柏崎,新潟県,37.3724,138.5579,202,218
NIG019,小千谷,新潟県,37.3043,138.8121,207,219
NIG020,小出,新潟県,37.2332,138.962,210,221
NIG023,津南,新潟県,37.0147,138.6529,204,226
NIG024,安塚,新潟県,37.1268,138.444,200,223
NIG025,直江津,新潟県,37.1607,138.2235,195,223
NIG027,糸魚川,新潟県,37.0235,137.8624,188,226
OIT001,国見,大分県,33.6783,131.5936,60,308
OIT010,大分,大分県,33.2317,131.5934,60,319
OIT011,佐賀関,大分県,33.2461,131.8811,66,319
OIT018,蒲江,大分県,32.7972,131.9251,67,330
OKN001,国頭,沖縄県,26.7402,128.1736,115,130
OKN002,名護,沖縄県,26.5916,127.9767,111,135
OKN003,具志川,沖縄県,26.38,127.8572,109,139
OKN004,那覇,沖縄県,26.2497,127.6786,105,142
OKN005,知念,沖縄県,26.1686,127.8267,108,144
OKN006,久米島,沖縄県,26.3497,126.7479,86,140
OKN007,狩俣,沖縄県,24.853,125.2964,56,176
OKN008,城辺,沖縄県,24.7558,125.3864,58,181
OKN009,新栄,沖縄県,24.3413,124.1526,33,189
OKN010,伊原間,沖縄県,24.5088,124.282,35,187
OKN011,上原,沖縄県,24.4324,123.7798,26,187
OKY011,岡山,岡山県,34.654,133.9067,108,284
OSK006,堺,大阪府,34.5894,135.471,139,286
SIG001,余呉,滋賀県,35.5398,136.2065,154,263
SIG002,今津,滋賀県,35.4215,136.0243,151,266
SIG003,長浜,滋賀県,35.377,136.264,155,267
SIG004,朽木,滋賀県,35.3476,135.9184,148,267
SIG005,彦根,滋賀県,35.2493,136.2421,155,270
SIG007,近江八幡,滋賀県,35.1339,136.0957,152,273
SIG008,永源寺,滋賀県,35.0701,136.2946,155,274
SIG010,大津,滋賀県,34.9718,135.8965,148,277
SIT001,本庄,埼玉県,36.2428,139.1937,215,246
SIT002,熊谷,埼玉県,36.1476,139.3884,220,248
SIT003,久喜,埼玉県,36.072,139.6968,225,250
SIT004,長瀞,埼玉県,36.1179,139.1045,214,248
SIT005,小川,埼玉県,36.0562,139.2626,217,251
SIT006,秩父,埼玉県,35.9954,139.0709,212,251
SIT007,東松山,埼玉県,36.054,139.3912,220,250
SIT008,春日部,埼玉県,35.9829,139.7456,227,251
SIT009,川越,埼玉県,35.9034,139.4826,222,254
SIT010,大宮,埼玉県,35.9065,139.6481,224,254
SIT013,所沢,埼玉県,35.7965,139.4659,220,256
SIT014,中津川,埼玉県,35.9954,138.801,207,251
SMN002,松江,島根県,35.4714,133.0682,90,265
SMN006,大田,島根県,35.1942,132.4978,79,271
SMN013,益田,島根県,34.669,131.8458,66,284
SMN017,西ノ島,島根県,36.0933,132.984,89,249
SMN018,都万,島根県,36.1925,133.2331,94,247
SMN019,布施,島根県,36.2932,133.3561,96,244
SZO001,熱海,静岡県,35.1424,139.0795,213,272
SZO002,伊東,静岡県,34.9652,139.1031,214,277
SZO003,東伊豆,静岡県,34.8158,139.0546,212,280
SZO004,南伊豆,静岡県,34.6469,138.8194,207,286
SZO005,松崎,静岡県,34.7549,138.7841,206,283
SZO006,土肥,静岡県,34.9113,138.7941,207,278
SZO007,修善寺,静岡県,34.9771,138.9466,211,276
SZO009,裾野,静岡県,35.1971,138.9127,209,271
SZO010,御殿場,静岡県,35.3134,138.9063,209,268
SZO011,富士宮,静岡県,35.2128,138.6016,204,271
SZO012,蒲原,静岡県,35.1271,138.6213,203,273
SZO013,清水,静岡県,35.041,138.476,201,274
SZO014,静岡,静岡県,34.9649,138.3735,198,277
SZO015,梅ヶ島,静岡県,35.2435,138.3407,198,270
SZO016,焼津,静岡県,34.8566,138.3113,197,279
SZO017,浜岡,静岡県,34.6374,138.1281,193,285
SZO018,榛原,静岡県,34.7402,138.2241,195,282
SZO019,掛川,静岡県,34.7699,137.9981,191,282
SZO020,川根,静岡県,35.0085,138.1474,194,276
SZO021,本川根,静岡県,35.0969,138.1332,194,274
SZO022,佐久間,静岡県,35.0916,137.8136,187,274
SZO023,天竜,静岡県,34.8738,137.8164,187,279
SZO024,浜松,静岡県,34.7102,137.7197,185,282
SZO025,湖西,静岡県,34.7194,137.5314,180,283
SZO026,春野,静岡県,34.9816,137.8975,189,276
SZO027,西伊豆,静岡県,34.7903,138.8008,208,281
TCG001,黒磯,栃木県,36.9417,140.0828,233,228
TCG002,塩原,栃木県,36.99,139.8033,228,227
TCG003,藤原,栃木県,36.8144,139.7153,226,231
TCG004,湯元,栃木県,36.8061,139.4204,220,232
TCG005,矢板,栃木県,36.8061,139.9264,230,232
TCG006,小川,栃木県,36.7639,140.1297,233,233
TCG007,宇都宮,栃木県,36.5692,139.8861,229,236
TCG008,鹿沼,栃木県,36.56,139.7675,227,238
TCG009,今市,栃木県,36.7258,139.7155,225,235
TCG010,足尾,栃木県,36.6347,139.4376,220,236
TCG011,葛生,栃木県,36.3867,139.6145,224,242
TCG012,小山,栃木県,36.2859,139.8047,228,244
TCG013,真岡,栃木県,36.4368,140.0225,232,241
TCG014,茂木,栃木県,36.545,140.1742,236,238
TCG015,芹沼,栃木県,36.7489,139.7144,225,233
TKS001,鳴門,徳島県,34.203,134.6098,122,295
TKS002,徳島,徳島県,34.0438,134.582,121,299
TKY001,氷川,東京都,35.8029,139.0956,213,256
TKY002,桧原,東京都,35.7304,139.1454,213,258
TKY003,青梅,東京都,35.7968,139.2912,219,256
TKY004,八王子,東京都,35.6282,139.4034,219,260
TKY005,町田,東京都,35.5798,139.4137,220,262
TKY006,小金井,東京都,35.699,139.5029,221,258
TKY007,新宿,東京都,35.7107,139.6859,225,258
TKY008,岡田,東京都大島支庁,34.7852,139.3909,219,281
TKY009,波浮港,東京都大島支庁,34.6874,139.4412,220,284
TKY010,新島,東京都大島支庁,34.3779,139.2573,216,287
TKY012,八丈,東京都八丈支庁,33.1194,139.7987,227,322
TKY014,亀戸,東京都,35.689,139.8354,227,259
TKY024,奥戸,東京都,35.7401,139.8624,226,256
TKY029,三宅,東京都三宅支庁,34.0745,139.4793,216,291
TTR002,鳥取,鳥取県,35.4853,134.2198,114,264
TTR004,鹿野,鳥取県,35.4606,134.0548,111,265
TTR008,米子,鳥取県,35.4258,133.3301,96,265
TYM001,境,富山県,36.976,137.6257,183,227
TYM002,氷見,富山県,36.866,136.9747,171,230
TYM005,新湊,富山県,36.7611,137.0931,172,232
TYM007,富山,富山県,36.6687,137.2123,175,235
WKY001,和歌山,和歌山県,34.2288,135.1694,133,295
WKY003,有田,和歌山県,34.0996,135.116,132,298
YMG005,豊北,山口県,34.2904,130.9484,47,293
YMG008,山口,山口県,34.0121,131.4042,57,300
YMG018,東和,山口県,33.9091,132.3561,76,303
YMN001,丹波山,山梨県,35.7895,138.9198,210,257
YMN002,大月,山梨県,35.6132,138.947,209,261
YMN003,富士吉田,山梨県,35.4648,138.813,207,264
YMN005,甲府,山梨県,35.6548,138.5677,202,260
YMN006,本栖,山梨県,35.4684,138.6069,203,265
YMN007,南部,山梨県,35.2791,138.4649,200,269
YMN010,須玉,山梨県,35.7918,138.4096,199,256
YMN011,芦安,山梨県,35.6382,138.3835,199,259
YMT001,酒田,山形県,38.914,139.8127,228,180
YMT002,新庄,山形県,38.7679,140.2957,238,182
YMT004,温海,山形県,38.6276,139.5889,223,187
YMT010,山形,山形県,38.2604,140.3488,239,196
YMT012,長井,山形県,38.1074,140.0428,232,200
YMT013,小国,山形県,38.0621,139.7575,227,200
YMT014,下屋地,山形県,37.9207,139.8697,228,204
YMT016,清川,山形県,38.7895,140.0185,232,182
